Date,income,savings,rent,transportation,entertainment,debt_payments,insurance
5/4/2023,$36263.13,$19497.22,$3971.71,$48284.89,$43978.09,$19788.26,$32055.73
11/21/2022,$36934.94,$10485.67,$42527.56,$38449.36,$14271.08,$24956.99,$32163.74
6/26/2023,$40346.54,$39897.91,$11130.88,$41136.68,$32201.11,$6006.22,$22131.50
9/18/2022,$8467.81,$9469.57,$33322.48,$14444.68,$41744.75,$28127.26,$32967.25
10/25/2022,$23307.46,$49065.04,$41015.63,$17027.40,$37383.34,$40513.09,$15795.64
3/12/2023,$28494.45,$17893.94,$12666.14,$19308.52,$28349.57,$23261.76,$17500.79
8/14/2023,$16091.54,$21751.84,$40154.71,$31781.65,$15837.57,$19296.43,$5898.53
2/26/2023,$49095.88,$43833.23,$38366.33,$33820.16,$33869.40,$4358.15,$35870.49
6/19/2023,$35914.85,$5158.75,$45538.66,$13448.47,$20628.63,$31620.54,$49367.67
8/21/2022,$32267.12,$39020.00,$25289.85,$625.43,$39417.41,$14182.16,$37964.99
6/2/2023,$20003.48,$40185.53,$26879.91,$45180.98,$35959.42,$37906.15,$17188.26
4/20/2023,$38566.87,$44783.46,$792.46,$31197.46,$25456.08,$34825.07,$14827.83
4/17/2023,$16772.41,$10762.57,$30736.86,$11398.93,$48615.16,$33721.92,$36809.34
1/16/2023,$37965.26,$28582.50,$36070.47,$25615.92,$17211.19,$35337.88,$28116.17
2/9/2023,$19380.87,$43389.52,$9939.56,$30601.90,$23777.62,$34583.98,$25991.41
2/11/2023,$23956.76,$27074.91,$24170.39,$29390.37,$25340.99,$34618.62,$9595.70
6/17/2023,$30042.89,$15115.87,$34581.97,$33595.48,$8796.00,$4386.74,$23913.54
11/26/2022,$3567.03,$8915.39,$20736.08,$47463.11,$22892.99,$46821.63,$29418.49
1/2/2023,$10378.19,$40632.20,$24239.70,$41327.54,$11995.81,$34518.79,$1870.83
2/4/2023,$20430.46,$44872.86,$1736.12,$31006.54,$32276.00,$43921.97,$42534.32
9/30/2022,$44668.38,$19016.67,$15168.25,$21126.13,$40109.71,$1569.38,$47502.36
2/16/2023,$34317.75,$17205.47,$18200.80,$32321.96,$21395.71,$10438.98,$2925.58
8/4/2023,$9088.40,$231.03,$17535.58,$15896.89,$38519.19,$27457.60,$18785.67
12/6/2022,$46587.99,$19918.26,$4017.36,$45412.34,$25128.42,$43478.08,$25276.25
10/15/2022,$23709.68,$11962.74,$41492.34,$29618.46,$37426.93,$45299.84,$16725.04
11/25/2022,$26399.18,$13629.54,$36971.92,$31779.58,$6195.42,$14954.55,$18766.24
12/13/2022,$46974.68,$40072.36,$14256.67,$20613.37,$15210.08,$35410.05,$19575.26
2/21/2023,$19016.39,$22961.54,$29533.42,$43592.73,$8918.47,$3269.88,$38212.71
8/25/2022,$10019.97,$29930.65,$11125.48,$4977.76,$14228.59,$47839.69,$30915.53
7/5/2023,$118.10,$38995.01,$33510.97,$34032.05,$44835.24,$5768.06,$21075.67
2/23/2023,$16218.67,$9210.16,$45616.51,$1664.84,$47223.38,$6223.02,$5534.60
6/19/2023,$27391.79,$25505.10,$5818.05,$32801.54,$42492.27,$13541.98,$45124.10
11/10/2022,$17610.04,$48307.01,$16383.89,$33918.91,$37443.73,$22697.65,$26041.18
9/4/2022,$45210.52,$10071.02,$38740.81,$26709.12,$43498.71,$22970.49,$33192.87
11/17/2022,$43781.88,$39649.31,$40106.82,$26462.49,$28712.73,$4138.56,$16132.78
1/7/2023,$15613.31,$23263.91,$30900.33,$1133.01,$39772.67,$34426.46,$16444.10
11/15/2022,$4687.07,$42396.74,$12025.51,$35751.04,$4700.04,$39442.89,$24518.73
3/18/2023,$17275.55,$14471.11,$20331.21,$29858.24,$19113.65,$17398.26,$7781.45
3/17/2023,$14149.76,$10198.45,$41274.48,$76.21,$1397.77,$29838.84,$7857.64
4/14/2023,$14660.58,$49069.13,$45679.63,$19942.01,$4913.66,$41150.63,$37507.52
10/25/2022,$17221.61,$14854.97,$20986.66,$30888.67,$25379.07,$14094.13,$21041.65
6/11/2023,$6311.56,$36600.91,$37550.10,$47405.66,$2256.79,$49903.05,$49955.19
6/12/2023,$41066.56,$13368.09,$18755.57,$23709.58,$23461.89,$46544.23,$3312.07
10/21/2022,$4826.46,$25385.60,$43870.34,$24701.11,$49561.67,$30464.12,$8349.90
6/4/2023,$44674.64,$7139.22,$12225.17,$24664.64,$44038.51,$29441.55,$21140.51
9/13/2022,$44292.21,$48085.11,$15654.01,$40975.41,$39316.75,$41093.64,$5861.70
7/9/2023,$25326.50,$9311.43,$34638.53,$13146.94,$10985.47,$47813.97,$39244.96
8/19/2022,$2337.80,$13634.06,$48286.57,$7630.36,$18217.99,$15699.50,$40681.50
1/26/2023,$39594.28,$30689.36,$25146.78,$49581.92,$39827.72,$29423.45,$41812.76
8/14/2023,$43285.19,$36336.37,$37422.15,$45949.98,$29034.01,$2236.52,$27640.19
10/31/2022,$21860.65,$25321.50,$21891.87,$14599.35,$47630.70,$29183.14,$3588.16
12/31/2022,$34134.54,$1085.55,$22800.34,$37468.17,$49944.59,$47282.26,$32495.94
1/19/2023,$20352.27,$21411.91,$33985.79,$16778.49,$33157.43,$13641.00,$11232.74
6/18/2023,$11696.91,$2095.55,$35643.27,$19773.61,$14864.80,$8821.83,$5392.91
8/22/2022,$38024.05,$16322.52,$46550.15,$40383.85,$24643.20,$29256.25,$20777.93
6/11/2023,$1082.24,$30553.13,$46362.51,$48370.86,$5440.39,$6608.68,$13253.48
4/26/2023,$38893.87,$44425.99,$35266.81,$28722.89,$33285.39,$4406.78,$13768.28
10/29/2022,$26864.82,$21848.14,$2583.54,$39401.95,$8899.64,$1340.58,$34021.87
7/29/2023,$42496.25,$28085.99,$12595.83,$14242.62,$46589.52,$25998.76,$22171.97
7/31/2023,$31490.15,$19543.18,$27990.45,$28915.58,$46475.33,$38924.64,$26306.91
4/21/2023,$9410.74,$43982.75,$5972.60,$15262.76,$19926.80,$25222.12,$32207.41
3/19/2023,$8129.51,$22779.01,$49214.13,$49757.94,$10572.65,$49193.71,$16871.20
10/5/2022,$17011.27,$27825.27,$38073.07,$36065.41,$31315.86,$10439.51,$11039.34
7/9/2023,$12274.43,$32656.33,$7554.70,$4777.01,$25939.04,$13824.11,$27522.87
3/10/2023,$16668.79,$7076.71,$14731.91,$2772.47,$520.05,$15201.03,$49997.69
4/13/2023,$19031.89,$21136.74,$15132.33,$17840.47,$33191.90,$33411.33,$38449.09
10/19/2022,$10675.48,$24860.00,$44495.89,$10612.46,$38117.25,$45261.66,$20994.87
5/7/2023,$26090.69,$28872.23,$15980.72,$47507.10,$42531.62,$37379.24,$4310.95
2/21/2023,$25802.77,$18036.35,$42856.62,$4575.68,$42800.98,$46944.17,$46181.25
6/21/2023,$3779.19,$3353.64,$29926.38,$14299.91,$11473.27,$5127.43,$23774.36
8/18/2022,$17948.61,$35057.90,$8208.27,$1151.91,$6331.02,$32814.20,$7810.92
2/15/2023,$10210.42,$41530.33,$25793.11,$26771.59,$21801.20,$35088.50,$36140.67
12/22/2022,$28553.48,$3655.18,$25912.46,$44074.06,$35393.35,$28047.51,$21402.67
10/24/2022,$43930.84,$36501.33,$35038.29,$26822.19,$25907.48,$26243.51,$49675.53
11/30/2022,$18265.15,$21158.10,$1769.75,$36433.36,$48510.21,$8569.05,$43914.97
10/26/2022,$31610.95,$821.24,$49279.86,$4208.06,$48191.71,$2627.89,$36864.04
8/29/2022,$18979.58,$10642.29,$46819.43,$48477.52,$41259.57,$39950.85,$29878.58
12/11/2022,$28016.02,$34001.02,$7659.99,$19414.68,$41129.85,$33395.46,$44696.74
2/2/2023,$39097.41,$41882.19,$5331.64,$47920.13,$18815.15,$8743.68,$17683.05
9/20/2022,$29005.72,$28291.51,$26440.63,$26908.72,$16710.29,$34539.16,$13459.56
2/20/2023,$24092.01,$42629.42,$38388.40,$1498.60,$47756.51,$27776.59,$9012.63
10/29/2022,$19602.85,$27041.17,$33572.24,$30958.21,$15856.85,$23676.42,$39818.70
1/1/2023,$31165.71,$15570.83,$32941.94,$460.38,$11183.89,$35110.68,$36984.29
5/31/2023,$4994.71,$44419.94,$30146.71,$48266.93,$19365.27,$4994.20,$23763.86
6/2/2023,$16082.71,$3278.72,$8884.67,$20485.81,$20079.01,$28018.22,$33565.18
7/11/2023,$39728.81,$22185.88,$15567.20,$43522.58,$32985.49,$40250.42,$34524.08
5/2/2023,$1035.71,$23260.34,$48942.19,$45669.13,$41820.76,$7362.25,$44693.51
2/21/2023,$48432.44,$7813.19,$19285.58,$16782.31,$48311.08,$4566.44,$3604.82
9/18/2022,$40650.75,$32309.69,$22967.25,$26573.62,$39971.75,$12897.43,$45760.03
10/24/2022,$35987.58,$32051.09,$17379.17,$20971.36,$47583.59,$27080.98,$29141.90
6/12/2023,$1752.94,$48566.54,$6541.99,$49987.81,$1766.22,$7251.71,$12058.43
6/1/2023,$11881.77,$22623.84,$17172.50,$45177.48,$40496.12,$10029.29,$10470.27
7/13/2023,$38112.76,$41240.50,$12224.77,$44812.90,$36092.64,$27248.37,$46427.20
9/7/2022,$13397.89,$40074.41,$8833.34,$42452.11,$27523.07,$24164.42,$47226.27
7/24/2023,$22205.31,$23977.44,$49129.36,$226.40,$39999.90,$12453.23,$18018.02
2/11/2023,$19485.74,$9722.33,$22856.97,$14650.98,$42600.88,$12567.27,$4881.44
3/20/2023,$38987.92,$31507.90,$28532.85,$33149.64,$30989.53,$46367.47,$24424.65
11/7/2022,$35296.81,$21220.10,$8325.03,$41477.63,$1256.09,$34455.49,$41920.57
1/14/2023,$3700.24,$26907.49,$12129.22,$19868.53,$270.11,$23689.44,$21119.75
9/2/2022,$32383.46,$19351.54,$23730.94,$49006.31,$12895.23,$34563.23,$15271.68
11/18/2022,$44253.47,$35168.86,$25401.55,$10888.51,$37103.86,$18249.58,$2613.45
3/14/2023,$28850.27,$49839.05,$1641.65,$4661.15,$12339.20,$41242.02,$47996.45
5/7/2023,$29020.67,$16500.73,$1234.22,$28959.72,$1969.56,$17333.13,$3031.71
6/7/2023,$22267.08,$28562.54,$19186.52,$41680.98,$27972.70,$25813.44,$17791.09
9/11/2022,$33243.37,$13939.21,$24019.96,$11312.29,$39578.49,$3739.68,$22668.24
11/11/2022,$22526.18,$578.78,$1947.20,$22996.30,$41967.87,$1337.19,$37841.95
1/2/2023,$20344.76,$23987.87,$13829.71,$22224.21,$47044.02,$9764.53,$41665.62
11/24/2022,$9467.47,$12858.83,$30307.01,$43800.14,$16736.74,$16869.83,$21361.04
6/23/2023,$22883.61,$37423.56,$43389.80,$18256.77,$12798.78,$12913.61,$17200.10
1/27/2023,$23017.87,$49144.02,$46408.89,$23791.09,$14757.45,$17886.50,$5319.80
3/24/2023,$44240.82,$31036.59,$23695.37,$10934.52,$41383.32,$14036.30,$39473.53
8/11/2023,$22347.09,$21323.98,$8564.78,$23709.81,$34264.55,$41251.33,$28911.29
1/17/2023,$15404.73,$35150.88,$28511.84,$32237.59,$13897.42,$12673.26,$35813.34
9/10/2022,$44631.23,$27158.05,$14358.37,$43021.42,$22000.65,$922.10,$13701.54
12/30/2022,$20477.74,$3356.69,$20756.51,$16570.04,$25232.00,$16739.54,$9747.47
6/23/2023,$45161.77,$37278.84,$33528.25,$5176.35,$37108.28,$16912.83,$37685.77
6/10/2023,$30489.25,$15214.78,$612.74,$1817.52,$435.88,$11301.56,$18365.03
11/27/2022,$40725.85,$27638.41,$6622.00,$46497.23,$22136.50,$40742.60,$42094.91
7/15/2023,$18386.38,$49690.88,$47707.84,$21651.71,$1624.62,$7611.28,$28549.52
1/25/2023,$37293.79,$9587.03,$31936.70,$41128.42,$30571.63,$3384.48,$15868.97
2/15/2023,$18185.78,$22631.23,$33562.16,$18368.03,$41480.09,$38209.17,$23221.48
1/17/2023,$22270.42,$28168.05,$36075.20,$41130.20,$37415.28,$4753.27,$39412.62
7/29/2023,$6303.02,$20967.25,$48426.72,$16076.69,$40472.53,$43301.12,$31860.26
1/22/2023,$32422.21,$5121.00,$8746.99,$44329.35,$27284.35,$16316.82,$26937.01
1/11/2023,$6849.86,$3362.03,$22250.52,$47613.69,$24822.54,$20172.17,$13873.68
3/15/2023,$27069.59,$9918.84,$11844.28,$14958.97,$14272.59,$43829.09,$14692.49
8/8/2023,$2523.81,$43662.07,$13013.50,$46047.24,$33122.30,$12920.34,$13950.44
5/5/2023,$30493.86,$29065.99,$26553.11,$19898.00,$41937.31,$28931.70,$17512.30
5/29/2023,$9359.24,$45248.75,$34572.75,$45511.42,$31754.07,$3098.46,$19456.19
12/3/2022,$18776.59,$37854.48,$23280.98,$35240.07,$27448.52,$1990.57,$44691.93
6/8/2023,$13301.89,$2552.36,$48635.38,$18000.30,$22801.68,$49271.47,$37407.77
4/7/2023,$17775.45,$32540.75,$30716.37,$14831.10,$38930.17,$30401.63,$282.70
8/6/2023,$24615.57,$24046.23,$40102.94,$16145.60,$32583.71,$21838.81,$41917.43
2/24/2023,$34894.19,$33049.04,$14809.00,$34241.89,$13662.05,$17057.10,$19023.41
7/9/2023,$14232.13,$30883.50,$40974.89,$6962.84,$38737.87,$42895.11,$2362.49
9/13/2022,$31882.71,$33858.65,$17781.74,$43845.65,$20627.76,$3131.38,$31749.39
12/10/2022,$43830.81,$31900.65,$40971.63,$37785.76,$12324.59,$4701.64,$41487.78
3/7/2023,$14454.42,$11265.50,$14322.83,$23643.84,$3142.40,$38019.52,$44908.34
10/18/2022,$15934.45,$29934.09,$12131.39,$8774.82,$22504.05,$788.99,$18752.85
2/11/2023,$17071.18,$45982.79,$33961.77,$48773.39,$39813.48,$33367.27,$32650.46
12/2/2022,$3212.20,$36194.99,$34977.48,$13342.14,$16477.81,$31220.17,$36382.13
6/8/2023,$3131.41,$14993.31,$4246.85,$11300.44,$12409.28,$31648.07,$3104.19
6/15/2023,$47208.45,$2898.30,$1160.30,$5316.55,$1929.38,$19000.85,$15021.92
6/11/2023,$2667.02,$23747.66,$4458.15,$27863.25,$7555.01,$30548.05,$27607.20
11/18/2022,$42275.62,$34944.41,$12881.17,$36759.78,$29265.41,$26482.30,$24509.12
4/13/2023,$32969.21,$3496.41,$37379.96,$32139.71,$4057.78,$9545.08,$13431.18
11/13/2022,$35126.42,$8241.90,$9322.35,$20675.84,$24752.63,$2569.62,$8919.33
4/22/2023,$17921.55,$45458.32,$17565.14,$36191.44,$2128.27,$34124.97,$35808.88
12/5/2022,$23703.99,$48785.38,$7116.06,$45255.62,$23369.07,$10072.22,$5797.26
1/18/2023,$31597.40,$43688.30,$24188.66,$24400.46,$24763.84,$41389.23,$19946.56
3/30/2023,$48940.12,$12275.97,$32960.98,$46609.02,$19523.00,$34814.03,$39557.91
3/11/2023,$12534.43,$9819.17,$45481.37,$39207.22,$41104.11,$20607.08,$29935.92
10/3/2022,$43618.34,$40747.08,$6439.20,$28251.24,$1795.75,$46384.52,$28120.03
9/6/2022,$44393.33,$26721.02,$46090.03,$16967.97,$17640.44,$6808.28,$514.70
11/26/2022,$42934.34,$48853.64,$7948.81,$39010.84,$33756.84,$24865.36,$20014.18
5/29/2023,$39410.50,$27695.63,$19153.57,$33004.07,$8849.56,$38942.70,$47934.37
1/20/2023,$39381.47,$9290.66,$14784.91,$18411.89,$34303.41,$46124.60,$37527.19
12/18/2022,$44752.45,$35545.62,$13229.85,$13020.92,$16792.50,$35948.94,$21995.37
11/11/2022,$38920.94,$27271.73,$38740.63,$36033.28,$2485.51,$41659.75,$17321.93
5/19/2023,$10132.87,$33122.29,$3640.30,$9193.08,$40837.43,$2827.67,$8327.39
1/17/2023,$28712.40,$39132.44,$39751.74,$11389.66,$35195.15,$41353.83,$39647.45
7/4/2023,$18864.00,$13861.44,$11489.26,$30744.47,$23739.71,$1725.77,$6246.00
7/11/2023,$32653.87,$18369.76,$38410.94,$18097.13,$31180.78,$5838.54,$17574.11
10/30/2022,$37903.80,$16845.02,$19498.76,$31632.61,$31802.23,$45372.48,$41706.00
7/5/2023,$45936.10,$44581.15,$27262.29,$40894.17,$49729.97,$19942.03,$12002.98
7/26/2023,$48125.71,$49649.89,$30793.75,$11279.57,$6777.65,$20485.55,$32487.58
9/11/2022,$28082.27,$28831.96,$11050.67,$7286.20,$36948.15,$11242.31,$31000.18
10/26/2022,$41100.45,$44173.57,$5083.70,$29826.64,$25703.80,$27160.29,$22694.24
5/11/2023,$38901.55,$46065.99,$31782.41,$21753.43,$18913.35,$19571.45,$31497.64
8/31/2022,$23003.78,$31940.63,$18518.03,$18146.23,$41155.18,$586.56,$44687.59
12/18/2022,$21509.40,$7130.38,$41238.88,$26119.10,$89.98,$39705.61,$48766.75
6/29/2023,$13687.34,$19420.21,$31788.56,$47681.39,$43380.75,$16586.79,$6029.65
12/9/2022,$16890.61,$26627.55,$35135.48,$4690.31,$25281.56,$35839.06,$13804.64
12/7/2022,$13894.61,$6291.33,$37500.85,$14269.37,$38339.94,$29999.74,$1050.86
11/30/2022,$49472.19,$38102.41,$898.64,$41971.65,$7781.93,$9050.08,$11290.59
4/22/2023,$46571.49,$10616.23,$10464.76,$5829.91,$43078.46,$27364.27,$20449.09
8/23/2022,$12455.69,$40412.13,$31520.02,$20456.69,$49931.38,$47493.25,$20944.08
2/11/2023,$28618.04,$1986.43,$21746.21,$22440.87,$32448.33,$3189.58,$6552.25
2/3/2023,$16460.47,$48614.48,$30840.10,$8168.65,$45402.66,$40683.90,$42282.65
9/9/2022,$9609.24,$15747.85,$39764.52,$27458.55,$37150.23,$49713.88,$28578.54
6/15/2023,$35591.20,$1283.13,$20274.32,$14510.10,$15561.60,$1739.19,$47403.66
5/8/2023,$1821.08,$31836.76,$26737.34,$4175.57,$40748.77,$48134.33,$47187.33
8/15/2022,$38479.88,$27734.77,$2560.31,$10452.54,$16467.71,$32792.81,$10337.38
9/17/2022,$42766.30,$30265.78,$49453.05,$3822.97,$11750.61,$37406.88,$4330.94
12/18/2022,$2142.61,$28287.07,$21900.35,$30681.02,$48971.86,$44458.53,$48956.39
10/4/2022,$33884.74,$7239.36,$15381.06,$1743.96,$43091.48,$10816.65,$27519.23
10/21/2022,$6134.80,$30209.53,$40274.89,$18181.41,$22120.40,$15689.89,$29402.73
7/14/2023,$2063.19,$23047.02,$14273.75,$20510.94,$4892.87,$17145.73,$48058.99
8/12/2023,$34887.06,$29104.87,$36310.99,$15715.49,$25272.74,$1668.02,$21030.41
8/13/2023,$36837.48,$49096.02,$36691.35,$37623.78,$32696.32,$34289.96,$24959.43
12/29/2022,$7094.13,$41527.88,$16330.48,$27595.01,$33044.00,$1169.26,$10270.98
6/23/2023,$25920.52,$30632.23,$11171.63,$16329.36,$38710.01,$37457.12,$1522.16
7/3/2023,$38955.54,$28571.66,$31785.05,$4007.60,$47163.60,$46912.37,$4137.50
1/3/2023,$31037.24,$9990.48,$16613.46,$10117.81,$46481.16,$48885.07,$10853.04
5/8/2023,$23185.69,$42091.91,$30978.32,$40675.66,$18039.46,$4966.36,$26528.99
1/8/2023,$2464.31,$5692.60,$37629.21,$18562.73,$17571.98,$41600.64,$30653.61
11/16/2022,$26098.54,$41156.33,$18083.37,$31552.94,$43689.59,$1376.48,$45819.42
3/4/2023,$40347.57,$15166.57,$16399.07,$26293.51,$42503.53,$20035.05,$31127.86
3/1/2023,$28078.18,$32824.04,$12234.22,$11066.59,$42573.82,$16073.80,$39409.88
12/26/2022,$12255.57,$2231.58,$24120.49,$26881.89,$31439.70,$34633.33,$33379.23
12/11/2022,$25628.74,$39229.58,$27304.90,$10545.35,$29915.18,$27331.13,$46896.12
9/21/2022,$44802.22,$3211.33,$13884.21,$38360.29,$35445.30,$30319.49,$48029.15
7/25/2023,$37740.92,$24917.79,$27432.36,$351.30,$6300.99,$29894.33,$11690.17
7/16/2023,$23164.27,$49868.17,$2358.38,$5024.72,$429.41,$21928.01,$14915.81
3/13/2023,$12150.05,$41064.51,$2036.34,$4493.13,$15615.17,$41798.92,$21035.35
3/22/2023,$38230.07,$33973.34,$47721.04,$9150.06,$25498.05,$42696.99,$21251.85
12/4/2022,$23513.78,$40903.59,$41494.83,$32686.60,$869.04,$46211.01,$49393.79
11/29/2022,$34927.57,$24934.25,$36473.67,$23334.61,$39963.66,$29560.16,$24858.20
8/16/2022,$33507.23,$33622.96,$22601.32,$17400.78,$10306.46,$44696.72,$27235.43
1/31/2023,$15600.11,$41245.42,$34335.30,$22185.63,$36167.41,$30942.17,$25001.03
8/23/2022,$20027.69,$33820.71,$34025.48,$29865.29,$23529.43,$2338.26,$24913.58
4/26/2023,$9092.44,$22061.38,$26038.63,$36378.32,$38077.89,$49298.24,$31247.97
7/10/2023,$22293.88,$17290.92,$19651.15,$22946.82,$3211.34,$1931.91,$9062.98
11/29/2022,$45236.61,$30520.50,$19099.26,$23979.24,$1657.51,$11936.37,$27501.81
3/22/2023,$36424.86,$27953.17,$26767.08,$31131.90,$15081.06,$10987.99,$48202.07
9/5/2022,$36018.42,$21698.65,$45823.00,$3954.43,$32671.82,$42897.72,$2677.87
5/12/2023,$23694.74,$23740.88,$23232.44,$30106.02,$8593.32,$14131.08,$27289.64
7/1/2023,$38318.71,$26480.35,$28689.99,$13092.65,$23028.62,$37286.10,$27006.18
4/7/2023,$36940.72,$14060.10,$25842.03,$29468.67,$40099.16,$3500.85,$42239.68
5/25/2023,$7422.00,$39053.18,$1078.07,$33878.42,$7008.12,$7166.15,$1904.32
1/3/2023,$16265.66,$42385.92,$21372.75,$25515.26,$48838.77,$44979.22,$18227.07
7/5/2023,$31100.38,$27277.21,$7776.08,$36379.49,$15345.06,$8570.31,$33085.97
8/16/2022,$40412.77,$13079.31,$35152.92,$31600.13,$14443.62,$11038.34,$4333.41
6/26/2023,$4377.02,$22759.40,$40285.17,$12361.87,$21709.50,$25849.98,$4918.97
6/6/2023,$24255.29,$16029.22,$29862.80,$31599.16,$45585.70,$12606.93,$43428.06
11/13/2022,$14264.23,$7748.44,$39598.40,$41134.69,$33305.26,$43860.95,$46249.33
12/21/2022,$4061.10,$31260.82,$49723.56,$30428.34,$7429.33,$4601.05,$37133.27
11/23/2022,$42040.58,$18377.89,$20817.74,$22915.30,$29339.71,$32801.69,$40073.87
12/18/2022,$47587.54,$34523.63,$13830.76,$5882.62,$17453.21,$41960.61,$19925.46
9/2/2022,$27516.70,$47784.07,$70.27,$46684.73,$22257.62,$41111.18,$20219.84
2/13/2023,$6864.52,$9446.90,$16723.43,$37059.06,$27734.00,$9978.47,$1730.37
3/9/2023,$49539.06,$32863.98,$12809.35,$36852.78,$3505.14,$17398.30,$11608.32
8/30/2022,$36559.11,$48330.81,$14908.93,$49724.90,$10688.80,$2452.80,$38204.49
6/6/2023,$13765.39,$32702.55,$17836.21,$41793.95,$48465.54,$46940.52,$2099.29
10/21/2022,$49724.23,$865.98,$18789.10,$48025.21,$33613.91,$43977.14,$5907.16
3/9/2023,$27047.00,$10870.37,$11603.82,$18598.26,$26658.44,$26165.45,$45817.83
1/23/2023,$4622.45,$9727.40,$12450.11,$5133.04,$17393.37,$4890.83,$3204.89
8/6/2023,$20856.92,$6167.11,$10243.33,$40838.09,$42530.62,$43027.21,$47049.77
12/11/2022,$49143.09,$46400.78,$29852.07,$6615.97,$35443.10,$11991.75,$13312.87
11/26/2022,$45015.40,$26298.19,$38680.77,$13025.39,$18680.82,$47605.14,$48331.63
2/4/2023,$48903.89,$27339.48,$32483.82,$41040.54,$35584.26,$8196.43,$36479.67
1/15/2023,$22582.62,$22662.71,$3788.66,$29532.77,$27929.31,$26392.61,$20098.49
4/23/2023,$33642.65,$2097.06,$14257.90,$25820.93,$12636.84,$28429.57,$31912.48
5/26/2023,$47765.97,$18158.05,$7174.66,$27564.27,$4573.92,$33089.00,$40304.22
5/22/2023,$30448.79,$20894.18,$49710.29,$3675.80,$32474.49,$20788.88,$16040.01
6/30/2023,$23111.70,$29365.62,$3046.09,$2347.23,$19448.50,$5205.95,$12361.38
3/31/2023,$36806.22,$9461.26,$43903.34,$17360.97,$24948.17,$47758.29,$32431.96
5/31/2023,$45314.58,$16980.25,$32052.41,$6607.24,$10192.37,$38213.83,$18697.21
5/14/2023,$44785.67,$20894.82,$4393.14,$37292.17,$22354.19,$42168.86,$47335.74
1/19/2023,$32803.40,$4685.89,$31467.32,$41619.42,$14460.01,$34190.94,$15200.10
7/6/2023,$42534.25,$42357.54,$19347.49,$31375.02,$29042.46,$8810.03,$45579.88
1/27/2023,$29663.88,$17998.09,$46901.96,$17044.72,$10868.27,$46977.97,$49363.65
8/7/2023,$16153.03,$28322.86,$308.21,$2093.79,$9752.69,$13800.96,$48258.68
3/26/2023,$40393.99,$28865.30,$38364.64,$29168.44,$10901.89,$33557.12,$38492.96
4/11/2023,$13252.67,$25305.33,$47982.05,$34005.08,$13099.30,$33561.56,$6126.70
12/7/2022,$46145.73,$1570.37,$11086.26,$1345.06,$14921.71,$2652.61,$32411.60
2/15/2023,$31578.12,$37245.53,$20152.95,$40380.12,$31775.76,$36636.05,$5071.93
11/22/2022,$49043.15,$49434.15,$49645.38,$30162.04,$847.70,$1604.14,$47714.54
6/16/2023,$32910.00,$9029.51,$32154.52,$14807.46,$29292.36,$44581.06,$37702.69
11/27/2022,$25608.43,$29164.93,$40809.03,$32587.12,$986.55,$46466.43,$6690.65
5/16/2023,$20127.37,$46260.39,$32535.59,$41468.65,$6546.87,$34460.93,$7562.36
4/23/2023,$7570.52,$21810.55,$10115.86,$35178.79,$32829.01,$46120.54,$27964.92
6/16/2023,$3389.21,$6793.91,$23161.37,$31429.23,$14175.32,$28900.37,$12777.41
1/12/2023,$39918.96,$14483.34,$3434.57,$18621.73,$2770.94,$3012.81,$19846.27
4/25/2023,$14923.09,$1824.25,$44870.50,$42947.81,$41108.83,$34779.89,$49375.60
4/27/2023,$10437.10,$18591.52,$3676.82,$38577.39,$49886.65,$24695.10,$40445.10
8/25/2022,$45886.60,$16151.23,$47743.01,$31882.67,$49668.28,$27402.85,$19277.91
1/13/2023,$1842.92,$44656.53,$24114.09,$12657.61,$35849.00,$28984.36,$39732.47
8/4/2023,$36768.60,$15014.38,$572.28,$12843.26,$10322.08,$12076.31,$44217.20
12/3/2022,$8584.80,$46030.49,$36588.49,$45333.21,$49394.05,$45010.47,$14615.01
4/15/2023,$29660.39,$2970.30,$19106.96,$30442.73,$30784.89,$38230.14,$31097.40
8/12/2023,$12666.72,$1880.94,$33208.85,$23258.83,$32119.57,$8450.73,$5510.87
6/19/2023,$27465.78,$5815.80,$23067.54,$37189.36,$28139.21,$47953.75,$42517.21
3/26/2023,$48127.22,$41206.24,$22810.20,$28709.09,$58.22,$26331.48,$21123.07
3/14/2023,$42188.25,$5887.26,$6099.70,$1461.01,$15988.45,$49066.67,$45510.32
9/8/2022,$20696.83,$22282.69,$19912.77,$4725.36,$29809.77,$33326.35,$2509.60
9/14/2022,$38860.21,$18026.67,$36981.01,$26856.09,$40856.15,$24792.72,$29375.61
11/2/2022,$31775.61,$44794.27,$26001.59,$39225.84,$37600.29,$37601.74,$27187.29
5/15/2023,$7495.31,$36193.56,$6823.64,$35442.88,$40792.16,$27227.44,$27086.23
9/1/2022,$6442.53,$37815.76,$38364.60,$37947.09,$1431.27,$31780.58,$34628.85
5/19/2023,$32880.45,$29263.51,$15313.44,$26268.92,$49113.14,$25182.52,$32980.31
7/9/2023,$19492.91,$11075.71,$5507.22,$11077.79,$25201.94,$49543.75,$32929.40
2/22/2023,$35821.76,$33572.91,$6397.70,$36817.25,$33703.19,$18945.08,$27616.33
8/17/2022,$24621.76,$47758.56,$28496.34,$37910.49,$41112.13,$39654.06,$6406.96
5/29/2023,$31561.58,$41924.88,$10853.15,$21424.05,$41894.55,$27346.72,$22582.61
4/11/2023,$30527.01,$33389.76,$43678.32,$27718.03,$33593.05,$46084.26,$10925.13
10/12/2022,$40318.09,$4167.86,$29619.47,$12296.44,$4346.55,$6868.43,$15207.97
1/5/2023,$4378.03,$20610.72,$45833.00,$16036.05,$28854.41,$29602.28,$49296.87
1/28/2023,$34548.97,$49795.13,$30259.19,$40010.18,$37506.62,$34440.33,$20382.56
4/11/2023,$24955.75,$36665.22,$36296.19,$14808.26,$708.00,$37045.41,$21839.62
9/26/2022,$48249.06,$29333.56,$42632.47,$23612.61,$37419.77,$30997.49,$12581.67
4/1/2023,$370.45,$38754.07,$5291.02,$32498.15,$19652.49,$36127.59,$19790.68
3/1/2023,$315.05,$49809.55,$38693.10,$45473.06,$22149.96,$19844.99,$1727.10
4/6/2023,$26321.53,$34177.64,$18.75,$13567.73,$43152.77,$20794.78,$47875.35
6/2/2023,$11929.04,$2056.36,$27267.72,$24489.91,$795.32,$31437.19,$29847.90
12/29/2022,$15806.00,$3438.19,$6908.14,$39080.32,$41496.09,$32305.60,$38043.47
2/4/2023,$44781.57,$30452.87,$45835.20,$31269.36,$3559.01,$21759.32,$44076.61
3/15/2023,$37120.66,$38570.40,$16208.05,$15876.84,$21019.11,$9884.50,$29272.34
7/29/2023,$28832.64,$21613.66,$7188.93,$30678.06,$43784.34,$12217.26,$13972.15
12/29/2022,$17593.70,$36154.56,$17098.61,$26104.23,$12483.57,$37420.41,$15205.88
1/5/2023,$6178.12,$42874.23,$42617.45,$33876.47,$48794.19,$29272.51,$3472.94
7/29/2023,$16181.10,$9212.20,$17083.21,$36329.10,$37118.66,$25205.22,$28771.98
11/18/2022,$45508.61,$21727.08,$20331.76,$4733.46,$9799.50,$42335.87,$3074.15
8/16/2022,$10373.87,$36598.54,$43542.77,$26554.37,$27530.83,$36257.63,$24231.29
3/2/2023,$37742.56,$31931.14,$44098.98,$28274.21,$35821.91,$46027.72,$39452.04
9/27/2022,$17155.39,$10530.12,$16298.63,$9554.48,$40133.13,$16271.11,$25583.95
7/22/2023,$4703.42,$30852.33,$10919.45,$35643.95,$3543.35,$45072.47,$27922.60
3/21/2023,$46312.98,$10675.43,$12629.63,$20520.77,$5608.92,$25272.61,$10084.84
7/16/2023,$45716.93,$47403.63,$6252.91,$7562.60,$496.83,$45599.63,$44937.13
2/16/2023,$33167.34,$32915.95,$25792.41,$23148.33,$34930.55,$15775.75,$36404.43
7/9/2023,$32415.11,$32699.78,$8160.43,$29638.95,$17348.63,$33389.82,$31930.30
9/25/2022,$2212.73,$40416.51,$31838.49,$24058.11,$26547.52,$5793.41,$21651.35
7/30/2023,$41811.48,$46934.38,$775.24,$22786.83,$1896.62,$8690.35,$36483.61
6/13/2023,$19358.94,$28841.35,$26572.67,$5573.50,$42407.01,$39775.07,$47947.96
4/27/2023,$976.11,$28361.08,$47459.68,$16644.60,$33314.86,$44161.47,$36282.88
4/23/2023,$19142.80,$32102.99,$5654.55,$20875.11,$45676.95,$41386.64,$39417.81
3/17/2023,$11520.02,$32044.15,$25523.05,$49741.26,$31117.68,$47443.02,$20889.86
2/12/2023,$30796.82,$70.77,$44623.17,$886.99,$36858.02,$48688.08,$35488.75
9/12/2022,$1211.11,$22886.67,$20427.01,$22655.79,$29168.23,$5761.42,$28389.63
11/28/2022,$45301.52,$1585.99,$26649.70,$1529.16,$22081.53,$39720.19,$21790.89
1/14/2023,$45912.82,$11771.38,$7392.33,$35407.72,$16544.16,$2338.16,$44041.76
8/22/2022,$6514.68,$43080.28,$22283.58,$2640.48,$28506.46,$1837.03,$8815.49
1/6/2023,$49751.43,$18401.07,$32935.60,$24909.46,$18271.95,$15635.64,$49942.65
6/15/2023,$40344.21,$703.74,$27.92,$48540.08,$31471.46,$17643.04,$1450.74
9/11/2022,$7884.89,$41859.20,$35414.02,$11316.82,$25674.71,$49463.22,$44287.97
11/26/2022,$4502.39,$37537.42,$41340.57,$9872.90,$25455.24,$41487.76,$13965.78
6/18/2023,$26880.95,$3997.90,$49401.58,$17439.92,$32565.45,$15850.10,$32241.53
2/18/2023,$43181.43,$26050.17,$32469.86,$12547.03,$7103.27,$49646.36,$20381.35
6/11/2023,$41947.19,$39039.57,$41583.18,$15969.91,$42366.82,$8209.57,$6091.93
8/17/2022,$10488.06,$49111.01,$45166.01,$8637.10,$46925.05,$631.91,$22219.16
2/17/2023,$1350.84,$20495.96,$9248.55,$13699.86,$29526.28,$20240.05,$48971.30
1/18/2023,$7383.05,$48784.11,$36858.42,$6981.97,$26530.63,$33133.24,$39113.84
3/18/2023,$33237.16,$36180.54,$29241.41,$27115.68,$46396.90,$31626.19,$2780.58
12/8/2022,$35070.57,$10150.28,$34956.42,$39651.61,$2584.27,$37365.09,$43177.71
8/29/2022,$26561.90,$49925.80,$31339.98,$6288.35,$781.81,$45674.76,$42080.34
3/24/2023,$23191.38,$39179.70,$27126.89,$45205.59,$32632.04,$30894.49,$37543.39
3/14/2023,$24974.59,$2651.23,$1748.68,$26896.94,$27169.47,$27087.61,$1630.64
6/21/2023,$761.20,$26256.90,$42046.68,$24378.58,$45883.91,$7676.17,$48989.04
10/28/2022,$44138.16,$6610.48,$19984.96,$46265.74,$27494.31,$17915.64,$24363.26
10/31/2022,$26305.05,$42680.32,$4547.51,$13660.99,$13303.06,$26618.77,$12551.40
11/30/2022,$32126.68,$24119.50,$27364.33,$11208.38,$25486.16,$13194.50,$47406.50
6/28/2023,$38105.90,$15745.43,$12152.72,$26724.33,$39471.85,$34497.98,$5651.29
7/22/2023,$15166.72,$34903.94,$4276.70,$32077.27,$37423.81,$6631.25,$36446.66
8/28/2022,$21700.26,$13317.76,$8241.76,$43636.11,$34455.97,$10470.35,$30999.91
1/12/2023,$38528.72,$45715.77,$22822.37,$36262.34,$23293.75,$3678.45,$936.56
1/6/2023,$16296.54,$28522.69,$49088.04,$24749.62,$26163.34,$5931.07,$5448.28
3/27/2023,$15598.14,$21912.79,$49650.73,$26466.53,$28557.77,$17316.69,$17020.82
12/25/2022,$18853.92,$49935.10,$16142.82,$13447.45,$39248.52,$10146.50,$11956.90
3/18/2023,$14288.92,$44679.08,$10751.89,$20448.15,$26198.47,$46696.21,$7900.26
5/31/2023,$28066.33,$7609.79,$44872.95,$1449.77,$37733.17,$22519.95,$49668.33
3/11/2023,$13043.61,$3525.16,$21698.44,$47504.87,$44729.40,$27747.05,$18046.60
2/24/2023,$29408.37,$36676.29,$23709.46,$18756.32,$16221.73,$46865.75,$10012.25
10/25/2022,$15751.06,$2043.44,$9649.21,$13011.19,$17330.15,$39886.10,$34033.25
3/31/2023,$40997.94,$11666.62,$48248.65,$46306.41,$39426.15,$44226.06,$48174.87
2/22/2023,$11792.18,$8546.24,$20968.11,$30501.55,$10933.52,$25983.00,$24362.24
3/12/2023,$18001.87,$10426.56,$3630.20,$36679.88,$23219.61,$13156.24,$39838.74
12/29/2022,$36569.23,$35589.74,$33582.95,$46120.27,$21202.48,$160.02,$9686.45
12/10/2022,$32022.66,$38152.43,$26600.41,$16291.65,$34913.05,$35413.11,$10582.73
12/24/2022,$20920.02,$40677.39,$31902.15,$46081.20,$8418.63,$15004.16,$4033.09
8/23/2022,$10686.80,$21042.13,$17325.80,$29035.44,$38552.89,$16844.16,$30175.30
4/30/2023,$20755.58,$45440.03,$28220.55,$5360.32,$31372.67,$20688.56,$3344.27
12/25/2022,$16774.60,$5041.16,$3574.96,$7431.17,$41324.93,$27648.34,$42417.22
7/18/2023,$38478.39,$9360.36,$21511.61,$45478.06,$18249.32,$41193.40,$16735.85
5/31/2023,$30661.16,$45223.81,$26713.77,$19876.96,$47736.10,$22653.88,$46071.56
2/19/2023,$20903.59,$31766.50,$25686.66,$5696.92,$5559.10,$31157.25,$47936.70
1/8/2023,$14362.99,$20395.72,$8166.44,$41525.10,$48392.75,$18752.19,$19800.85
8/28/2022,$3556.87,$42146.57,$13102.29,$9229.85,$32274.04,$45278.26,$34275.60
9/21/2022,$43828.38,$24116.67,$38492.00,$18421.96,$16364.50,$45871.59,$37068.03
11/8/2022,$28970.38,$42999.62,$39178.96,$8970.77,$35210.47,$19864.87,$28372.66
7/22/2023,$29669.47,$23461.76,$30961.97,$9486.68,$24319.47,$29219.65,$45470.19
4/10/2023,$39160.72,$5642.02,$28156.47,$26750.59,$20870.03,$8498.51,$45331.39
6/14/2023,$3617.35,$26990.29,$30072.21,$30378.96,$45350.39,$28171.80,$20174.14
5/16/2023,$29858.86,$23110.00,$45888.17,$24459.91,$14730.49,$26687.02,$29570.82
5/22/2023,$46489.82,$48240.91,$11101.97,$46355.86,$6248.21,$4937.12,$41895.59
4/10/2023,$46077.23,$33838.70,$27811.65,$30327.14,$15043.39,$3322.36,$30798.62
1/11/2023,$3047.49,$27952.60,$49487.49,$15849.77,$25983.08,$29958.79,$17638.45
9/5/2022,$47375.40,$23262.28,$21713.61,$15674.41,$44843.21,$43900.46,$39257.08
9/20/2022,$21843.88,$33983.98,$12728.25,$22740.97,$47420.01,$3147.33,$30226.82
1/22/2023,$44824.97,$9202.38,$5766.48,$44046.92,$32852.05,$23124.79,$34409.10
3/11/2023,$30212.38,$43107.05,$24244.41,$6325.90,$13584.80,$31421.04,$43397.80
6/24/2023,$25656.35,$36932.08,$33892.41,$13916.38,$32248.30,$14422.29,$1491.48
10/11/2022,$26813.14,$12653.56,$29840.04,$43480.60,$49739.24,$22029.27,$40822.50
3/10/2023,$38341.18,$24848.38,$17315.37,$16801.86,$40520.46,$16121.96,$23020.33
11/14/2022,$20726.35,$18165.90,$24465.18,$46290.23,$10075.38,$36096.95,$4020.69
8/31/2022,$26358.57,$3582.72,$37064.11,$29812.50,$35858.75,$39761.05,$11590.76
6/28/2023,$31296.31,$48877.54,$46946.83,$38216.47,$47079.29,$32513.72,$19654.35
5/24/2023,$1676.90,$19294.48,$12410.21,$5980.44,$2955.41,$41757.94,$49353.88
8/1/2023,$33632.39,$8113.39,$34918.50,$31504.77,$11701.91,$13814.41,$31735.10
2/6/2023,$4854.00,$23681.36,$18701.35,$11707.48,$21030.51,$18170.37,$49487.34
6/24/2023,$41280.65,$38166.57,$32006.22,$15098.25,$19932.52,$30775.21,$37435.16
12/31/2022,$42457.38,$18592.16,$22696.43,$40583.62,$1097.12,$48490.90,$5654.36
9/11/2022,$39521.49,$26844.23,$43490.36,$31318.20,$2382.72,$987.04,$48980.68
4/10/2023,$5693.74,$36009.97,$31649.01,$24425.50,$32234.37,$1114.98,$45182.05
8/25/2022,$19130.67,$43348.50,$29055.61,$45717.51,$13911.83,$9061.60,$12202.88
2/2/2023,$28973.18,$42243.46,$21863.58,$23462.79,$3553.45,$42598.98,$34007.05
1/3/2023,$27152.75,$18496.31,$45482.59,$18300.07,$26994.58,$18342.35,$21110.93
1/18/2023,$16130.25,$4628.04,$18240.95,$12985.71,$18643.34,$1148.94,$35340.51
3/31/2023,$14056.37,$20891.49,$9723.88,$21260.10,$45583.60,$6744.34,$26801.68
1/9/2023,$35955.23,$39616.16,$3667.00,$12983.46,$47345.46,$47720.38,$17569.56
11/20/2022,$41510.46,$46806.95,$49283.78,$15402.58,$17949.63,$23944.65,$41063.43
5/26/2023,$48238.89,$19145.20,$48871.51,$15895.28,$31455.99,$31944.94,$31988.16
4/24/2023,$46615.16,$7707.90,$38474.80,$13695.53,$39269.96,$17802.67,$1401.73
10/15/2022,$40337.85,$4194.39,$1622.49,$11052.63,$46360.48,$8362.99,$18308.39
5/5/2023,$24950.85,$13294.93,$30877.52,$45726.17,$49792.62,$43041.87,$10760.45
6/21/2023,$8398.08,$29535.54,$20221.68,$26792.68,$43403.07,$29377.93,$32550.85
3/22/2023,$18887.78,$20960.62,$36289.90,$32003.52,$37790.10,$7553.18,$8363.99
3/29/2023,$7973.70,$10926.09,$8889.30,$27714.98,$16038.73,$48825.29,$28636.85
10/3/2022,$20763.78,$49399.39,$35570.97,$9311.58,$17729.93,$37389.17,$20832.46
6/6/2023,$5757.83,$27707.78,$29553.23,$10360.19,$40851.88,$19893.13,$44338.62
12/31/2022,$13792.62,$16083.04,$39124.01,$5678.46,$7323.81,$42141.26,$32236.55
8/17/2022,$4830.68,$20047.73,$15020.44,$16935.36,$16686.92,$25369.50,$26105.59
10/9/2022,$48035.46,$46743.98,$47140.46,$19844.66,$12366.41,$13351.97,$36376.13
8/27/2022,$22188.67,$40909.65,$20476.28,$19361.07,$16434.29,$31778.31,$24584.63
4/11/2023,$13986.66,$2113.69,$15461.57,$27809.30,$35823.76,$1438.06,$36257.63
3/31/2023,$18822.08,$11068.27,$13821.95,$30853.63,$39968.55,$30095.33,$26827.18
12/30/2022,$21988.97,$9852.99,$32741.07,$36112.69,$1690.40,$44205.37,$2415.95
10/9/2022,$41266.01,$10229.08,$1158.68,$40264.37,$49056.06,$12735.37,$10314.40
12/27/2022,$5876.05,$5869.61,$18928.95,$42454.18,$6074.73,$2204.30,$26903.07
8/13/2023,$33989.72,$13622.52,$6191.52,$41079.58,$41119.72,$11773.93,$31377.06
9/9/2022,$8424.62,$30443.07,$25234.01,$40163.49,$41398.05,$40780.70,$30033.04
8/10/2023,$1868.30,$25748.55,$3804.78,$40117.34,$46545.87,$36020.85,$34488.44
10/14/2022,$44061.82,$23960.45,$19181.23,$27288.30,$29308.67,$14678.51,$15349.24
10/14/2022,$14937.09,$13522.44,$47547.57,$6876.21,$33524.54,$9062.73,$19260.26
9/23/2022,$41252.07,$4790.47,$3848.45,$7343.91,$7404.08,$17599.89,$6262.22
11/3/2022,$46613.96,$41220.59,$24885.92,$32463.33,$11780.70,$15143.92,$19990.02
9/23/2022,$30068.46,$30690.17,$37210.56,$27192.88,$11358.94,$28053.59,$41798.00
5/25/2023,$28311.51,$364.19,$21836.28,$14637.58,$1226.50,$9402.19,$14177.48
10/19/2022,$33831.99,$18805.45,$23539.67,$11604.21,$10409.07,$5420.54,$42070.86
7/15/2023,$24524.45,$31074.26,$16617.14,$16408.03,$11119.46,$12156.63,$39828.47
12/3/2022,$19065.24,$15542.84,$7712.07,$12354.34,$22368.38,$1094.65,$30904.19
1/20/2023,$17713.58,$8771.46,$21674.39,$3007.84,$43686.08,$29132.89,$2195.55
6/8/2023,$2597.80,$5305.09,$22117.34,$8989.75,$43165.04,$11624.99,$19758.14
4/2/2023,$43618.27,$24798.13,$37090.69,$47388.17,$40798.23,$41986.77,$46856.16
12/4/2022,$16393.49,$28028.62,$35097.81,$45054.29,$48815.22,$27471.97,$36713.06
9/6/2022,$40400.57,$13736.60,$29894.27,$41140.57,$811.78,$8136.33,$47671.93
5/29/2023,$36014.30,$32537.62,$17804.47,$40117.54,$37874.06,$13982.06,$46216.39
6/9/2023,$19202.31,$44230.93,$3625.85,$2991.49,$31992.77,$46061.47,$28991.59
4/27/2023,$30087.07,$28761.36,$16075.60,$21125.38,$9998.44,$45619.59,$33175.31
1/21/2023,$8115.22,$18296.70,$36090.95,$47441.15,$14290.34,$42985.50,$28039.23
1/28/2023,$20446.24,$28060.57,$49866.04,$3031.66,$44921.71,$30820.86,$43982.56
6/19/2023,$45661.39,$30896.99,$37138.91,$23187.92,$32785.01,$30898.20,$35844.96
7/5/2023,$47661.48,$41429.20,$17756.73,$27205.52,$2814.28,$40050.37,$11608.20
5/2/2023,$42453.80,$48267.65,$42737.35,$5392.36,$37410.54,$8194.59,$3018.37
1/17/2023,$26701.37,$796.25,$27763.26,$24275.51,$29402.50,$46284.73,$3547.93
10/6/2022,$17343.25,$34811.74,$43517.20,$41723.20,$116.78,$49521.31,$43866.83
8/3/2023,$34374.13,$24168.28,$37019.76,$32970.76,$2140.71,$34538.07,$10185.51
6/20/2023,$40171.62,$30386.60,$32336.95,$32545.11,$33180.50,$18234.39,$18954.40
6/9/2023,$40786.83,$5812.31,$8503.41,$41252.20,$29421.19,$40328.87,$38897.63
11/24/2022,$18923.72,$4440.95,$947.88,$49872.47,$14133.87,$39911.35,$14182.99
12/6/2022,$33749.00,$28120.67,$11043.47,$44358.58,$34695.62,$39520.47,$33848.65
4/18/2023,$19815.29,$15756.43,$14571.32,$20056.09,$10559.50,$44476.36,$30291.67
3/14/2023,$35703.89,$45218.35,$23495.06,$37963.29,$2610.23,$30395.20,$29786.94
1/29/2023,$28193.04,$40361.24,$27216.09,$1374.81,$37336.36,$3378.55,$14657.24
10/10/2022,$21676.92,$23092.25,$8151.62,$49141.71,$1928.42,$11286.16,$13740.22
8/2/2023,$44098.90,$41042.94,$39098.76,$38188.96,$17561.44,$45585.48,$35951.79
9/21/2022,$4227.03,$18987.50,$40779.04,$23887.65,$26815.76,$15500.09,$28237.09
11/7/2022,$43157.77,$5714.85,$10175.19,$21047.29,$40031.26,$40582.87,$36261.56
10/20/2022,$11117.06,$15116.61,$10764.20,$26119.28,$49967.99,$47553.15,$44102.65
7/24/2023,$12709.79,$35111.17,$170.23,$36996.71,$31675.54,$18090.39,$26811.63
12/29/2022,$1125.55,$38709.68,$49923.80,$9887.16,$10536.12,$3298.78,$17150.21
11/23/2022,$48244.82,$48618.56,$25649.06,$35891.18,$25171.81,$8193.65,$30707.60
11/4/2022,$33986.58,$5900.03,$34674.00,$47171.18,$28690.50,$35877.91,$19009.00
12/26/2022,$3367.84,$18982.45,$31639.10,$26431.81,$13351.23,$41253.29,$31255.86
12/4/2022,$21472.75,$14557.64,$47908.08,$24086.41,$32909.18,$49371.43,$35125.26
5/13/2023,$14129.51,$16812.42,$11073.29,$14545.63,$22231.34,$8282.70,$48097.28
3/2/2023,$44564.77,$20696.15,$4380.38,$3441.03,$11922.50,$18812.61,$9939.36
10/16/2022,$42764.46,$6881.58,$38071.92,$44607.86,$20710.67,$40228.43,$34059.29
6/25/2023,$2882.74,$43963.06,$4166.85,$45627.85,$20138.87,$11031.97,$33300.33
1/30/2023,$38007.76,$7514.90,$14776.11,$17373.04,$46263.83,$28493.26,$37753.77
7/21/2023,$1075.45,$44745.24,$13594.59,$47925.39,$16260.86,$17894.68,$42740.47
11/22/2022,$32201.69,$43346.93,$22529.39,$25002.87,$13676.73,$49285.88,$34629.95
11/8/2022,$24234.50,$31985.13,$26123.27,$48376.34,$30245.32,$38684.05,$7126.75
2/21/2023,$29739.27,$44773.39,$12426.45,$3124.32,$40330.53,$2329.31,$47936.66
4/27/2023,$29365.27,$26899.87,$24542.37,$7775.04,$7932.35,$40015.80,$43246.07
12/29/2022,$20028.14,$35154.00,$23135.60,$30228.44,$11767.93,$46195.61,$37751.88
9/22/2022,$22830.45,$6216.10,$6557.47,$16603.77,$44933.49,$34145.79,$11684.48
5/31/2023,$16865.46,$29858.69,$21780.12,$33978.53,$36428.90,$30087.55,$11698.22
2/28/2023,$14926.21,$41017.84,$28724.82,$32946.28,$18334.78,$48595.58,$33554.27
12/4/2022,$49061.93,$34016.37,$3308.58,$29029.94,$39609.89,$29853.35,$41168.92
9/11/2022,$9073.67,$21202.93,$5940.09,$15364.85,$16204.69,$13685.42,$18232.77
6/13/2023,$5870.14,$1463.24,$40506.97,$21261.84,$40460.92,$31286.45,$31029.36
7/23/2023,$3499.47,$32412.46,$42040.33,$38571.27,$26813.30,$40657.18,$10426.50
11/10/2022,$38919.26,$9710.52,$10325.97,$42037.55,$46061.74,$4540.93,$24286.91
4/28/2023,$4536.96,$17641.62,$19401.41,$46807.60,$23116.76,$11770.35,$27725.96
5/23/2023,$44844.23,$2481.76,$15726.86,$47295.23,$25287.44,$47909.48,$4250.33
4/8/2023,$40327.07,$40518.29,$5382.12,$20313.27,$31532.62,$21193.61,$15905.23
12/30/2022,$15776.08,$11731.07,$37810.57,$20486.33,$34161.06,$5177.14,$25469.84
12/24/2022,$47366.56,$37570.43,$1944.52,$40970.72,$17338.09,$28605.29,$3116.49
5/30/2023,$10326.24,$30433.55,$19704.47,$23260.03,$31095.56,$1917.38,$34982.75
7/15/2023,$4833.80,$22378.00,$1724.94,$44928.26,$12478.62,$46017.48,$11873.96
12/22/2022,$46326.76,$13546.29,$27821.35,$32521.64,$9308.69,$30429.95,$16927.79
2/12/2023,$19244.14,$6335.07,$25336.16,$13355.58,$17081.32,$25650.54,$18112.12
1/6/2023,$42920.18,$9077.23,$41306.56,$28205.75,$43329.56,$49330.74,$8375.01
3/4/2023,$36405.81,$41987.50,$43092.56,$9558.70,$27901.09,$16688.57,$22680.20
1/11/2023,$42886.33,$20319.67,$21906.31,$31345.36,$34521.38,$3267.24,$3827.49
12/22/2022,$14574.75,$9028.51,$27732.49,$40576.66,$21675.36,$29858.60,$17216.91
1/5/2023,$29685.35,$37289.14,$34809.95,$18770.36,$22201.33,$47789.12,$37100.91
6/28/2023,$34063.73,$41370.51,$39378.42,$39476.18,$26749.71,$1061.95,$489.22
10/1/2022,$7409.89,$39599.26,$30065.04,$25479.34,$6569.39,$18022.90,$11752.69
3/6/2023,$32259.95,$14068.44,$10978.32,$45169.36,$14765.48,$21453.42,$31759.76
3/29/2023,$7545.16,$43671.51,$41916.66,$32937.02,$27177.74,$19420.55,$15099.99
8/1/2023,$19964.00,$25837.94,$1002.93,$9759.19,$18950.32,$28816.04,$34950.10
9/8/2022,$23692.07,$12691.81,$3370.26,$31860.80,$41331.02,$21613.60,$37667.76
3/25/2023,$43536.36,$16579.44,$27257.14,$21834.77,$30603.29,$26136.96,$36791.78
9/28/2022,$45485.24,$37288.79,$14330.60,$7066.52,$11287.97,$22410.10,$18964.07
11/18/2022,$5683.32,$34726.58,$43545.56,$3990.29,$1463.29,$4007.97,$18748.69
1/1/2023,$30406.10,$18109.93,$10346.11,$15364.43,$2164.02,$3618.15,$35830.41
2/12/2023,$37557.89,$13657.50,$30029.44,$44669.23,$14991.30,$13622.85,$3890.06
12/3/2022,$45733.80,$49915.90,$45855.40,$47365.50,$18268.63,$19064.98,$15422.66
10/5/2022,$17829.32,$35140.31,$13561.90,$48057.84,$5700.81,$37998.93,$30292.44
7/5/2023,$4785.83,$18789.45,$41472.74,$38086.34,$49589.78,$18812.21,$243.87
11/28/2022,$35392.66,$16487.48,$18049.86,$48589.50,$9385.00,$5273.28,$11688.51
5/8/2023,$10293.46,$24695.04,$45344.58,$37378.78,$8483.31,$29680.60,$5009.90
9/22/2022,$26382.04,$31261.67,$20787.98,$30893.86,$23704.47,$45621.27,$38375.77
11/2/2022,$22223.69,$8692.59,$28973.65,$46449.20,$28526.36,$16498.87,$12656.68
12/2/2022,$17936.46,$10749.45,$20680.53,$10963.51,$2217.00,$22825.06,$37554.60
7/10/2023,$12935.84,$22444.32,$48707.79,$12537.75,$4889.89,$47749.36,$16700.44
5/27/2023,$43648.62,$23021.65,$30917.73,$15745.59,$19794.51,$15053.36,$5456.81
1/1/2023,$19723.80,$30559.21,$7991.83,$31478.88,$33271.68,$5551.03,$29995.43
2/25/2023,$42047.92,$24423.08,$36710.24,$20514.15,$26482.19,$24055.81,$26887.47
7/5/2023,$43724.05,$22356.76,$16168.50,$18503.97,$31215.39,$46789.04,$24248.13
3/30/2023,$7287.92,$15702.23,$14053.19,$46656.45,$36754.29,$33925.36,$40923.37
12/17/2022,$32185.31,$32775.81,$48748.06,$20450.72,$22676.48,$17107.75,$29823.80
11/21/2022,$30497.32,$35985.78,$42899.24,$5024.87,$31239.80,$36393.13,$34071.40
3/31/2023,$27661.54,$4436.47,$12797.92,$19438.11,$13769.52,$12400.23,$36886.95
4/18/2023,$46506.59,$4472.03,$11716.97,$6820.24,$31299.94,$43133.07,$26282.43
4/25/2023,$16713.00,$9724.96,$20080.08,$16962.33,$35719.57,$34185.32,$14938.49
8/30/2022,$33864.76,$46158.32,$39490.41,$27747.67,$13488.05,$49636.42,$2447.51
12/18/2022,$4132.46,$3910.86,$9292.97,$8867.23,$46169.59,$12776.25,$14490.66
3/5/2023,$14369.75,$11067.06,$44089.37,$936.55,$45782.50,$3795.25,$32666.44
8/11/2023,$19934.98,$1511.11,$45792.46,$2803.58,$24250.37,$18557.15,$36330.64
1/7/2023,$32592.03,$46387.51,$10539.50,$25952.64,$17936.71,$27582.61,$15141.00
7/10/2023,$9984.35,$36917.71,$34908.96,$31870.56,$636.37,$10852.28,$3884.86
12/9/2022,$39014.81,$11696.84,$11968.57,$40800.86,$17615.17,$29730.80,$39162.70
5/12/2023,$13990.96,$33718.76,$6654.06,$3931.58,$49958.63,$49303.94,$33884.93
1/1/2023,$22928.11,$33083.07,$27440.96,$24213.72,$39755.10,$20482.15,$34554.31
2/19/2023,$39668.09,$46674.99,$23592.88,$40891.16,$12801.81,$32882.31,$48547.52
3/8/2023,$16764.49,$15921.46,$355.06,$22273.64,$37775.59,$39532.74,$13294.17
6/1/2023,$9983.08,$34140.04,$20352.08,$7830.56,$2066.73,$11406.73,$4966.14
7/5/2023,$3112.20,$16458.26,$27031.90,$3789.82,$48674.67,$29381.35,$8380.18
10/4/2022,$35447.08,$2794.44,$8883.24,$31666.10,$45427.73,$17370.36,$28500.22
3/20/2023,$21213.64,$47746.09,$1078.12,$27868.90,$1154.43,$26466.09,$44390.03
10/9/2022,$22997.97,$14642.90,$1809.78,$7356.53,$1313.98,$29263.15,$25070.92
4/12/2023,$9585.08,$12686.52,$11102.92,$21656.63,$41431.87,$5169.55,$24783.92
10/6/2022,$40486.81,$7543.10,$39947.77,$14924.88,$47431.07,$16233.78,$43178.93
9/29/2022,$26790.80,$7408.06,$44073.98,$46665.57,$23815.01,$28512.99,$41116.26
3/18/2023,$26034.02,$19342.26,$5249.38,$48688.90,$19711.88,$46194.66,$5438.71
10/25/2022,$15008.81,$17970.52,$14302.08,$2768.94,$38372.66,$33458.73,$45639.67
9/2/2022,$4449.82,$11705.57,$31896.22,$9226.55,$25832.68,$27915.31,$3263.51
2/13/2023,$35121.34,$48206.49,$4892.45,$32514.77,$49618.36,$24628.17,$42622.09
11/30/2022,$43029.27,$32786.48,$4155.11,$14352.36,$22551.34,$22834.58,$21177.59
5/24/2023,$2752.28,$45241.36,$47426.73,$13159.32,$10570.07,$5596.74,$17981.41
7/3/2023,$22106.55,$963.82,$37125.51,$26434.13,$151.98,$20876.08,$49604.40
1/14/2023,$28629.58,$38901.26,$1615.92,$47472.69,$4048.61,$15207.43,$26702.33
2/24/2023,$2163.15,$40059.07,$34815.24,$5464.71,$46815.49,$14295.68,$45383.28
8/1/2023,$46261.23,$33418.15,$35480.09,$1593.73,$9800.71,$12774.74,$13408.76
10/7/2022,$41402.71,$10545.35,$13941.47,$3440.90,$30537.24,$4352.04,$6872.55
3/10/2023,$26700.56,$36890.38,$38254.61,$41617.61,$9655.58,$48112.81,$10242.51
7/5/2023,$5918.63,$33778.44,$13481.78,$9431.56,$44557.32,$37026.72,$29649.34
10/13/2022,$23969.44,$3480.83,$49228.46,$46446.82,$26717.05,$36051.58,$10266.09
10/30/2022,$768.79,$35825.99,$15518.92,$16608.82,$43446.59,$42692.97,$36051.49
6/28/2023,$10016.19,$4539.51,$30861.91,$13511.75,$20928.58,$49963.25,$36384.84
3/15/2023,$19447.54,$5824.30,$39077.49,$20136.10,$49656.91,$36020.75,$40986.93
4/22/2023,$43658.94,$33483.91,$44549.24,$20261.74,$3584.01,$2393.40,$4650.61
8/10/2023,$19953.13,$4660.46,$218.28,$34543.65,$17048.43,$11641.79,$49065.23
3/7/2023,$11445.35,$30921.11,$9165.83,$36750.79,$7083.91,$22832.33,$15671.54
9/26/2022,$22074.31,$7712.53,$41648.83,$16234.40,$9684.50,$15079.16,$29772.75
9/21/2022,$1273.27,$5287.97,$12219.47,$3647.62,$33891.70,$2084.25,$36539.53
3/6/2023,$23600.98,$2372.35,$38725.71,$19500.72,$5206.86,$26242.79,$14818.22
12/17/2022,$7454.68,$16637.16,$12102.76,$31820.95,$11708.10,$6271.79,$17607.62
12/7/2022,$25768.97,$27171.64,$1380.95,$1270.20,$25433.69,$13935.66,$40607.42
1/8/2023,$18120.77,$9974.52,$10231.57,$46071.60,$6062.58,$43450.10,$32560.23
10/18/2022,$10508.93,$6326.87,$7636.51,$16539.45,$5973.37,$9033.39,$5420.73
9/22/2022,$1489.94,$12926.38,$12805.69,$33921.23,$42953.35,$9486.74,$8600.10
6/16/2023,$45531.91,$24532.01,$11643.17,$22380.36,$47776.42,$15000.02,$8566.40
10/7/2022,$34870.54,$31746.42,$14817.15,$25960.61,$23270.31,$15343.81,$7537.60
1/4/2023,$18589.69,$27200.80,$31804.65,$8827.96,$30194.63,$22468.49,$22163.40
5/18/2023,$36451.47,$27598.95,$48916.34,$42912.08,$3663.73,$36607.75,$31104.05
9/6/2022,$31511.99,$34750.20,$28210.60,$41189.54,$3654.33,$18052.35,$8042.63
6/10/2023,$35587.58,$15632.43,$2574.04,$41411.74,$17733.31,$11151.32,$7858.01
10/10/2022,$12968.77,$22802.78,$22981.16,$16996.94,$7542.90,$46792.93,$29047.50
3/24/2023,$5003.39,$29336.16,$36121.77,$25559.09,$25990.61,$25407.28,$38196.66
10/6/2022,$11128.53,$13003.54,$41982.53,$40872.84,$23494.73,$29657.57,$9048.47
12/20/2022,$1479.80,$26315.67,$25995.81,$15703.83,$41090.44,$28745.58,$5711.45
3/10/2023,$35232.02,$33190.57,$16338.16,$34564.59,$42139.57,$31493.23,$13373.66
6/12/2023,$10220.07,$49168.95,$9780.74,$4458.95,$32265.61,$41037.82,$23449.01
6/30/2023,$38467.16,$36875.34,$22965.51,$48517.26,$10704.02,$36583.70,$1434.37
7/13/2023,$22694.89,$42855.85,$26607.03,$45424.34,$27461.18,$3121.86,$39811.80
8/2/2023,$49091.89,$41366.90,$44028.60,$43687.92,$128.47,$28616.64,$16526.89
7/4/2023,$17349.64,$13974.30,$41451.85,$35698.08,$8346.72,$46490.19,$17056.90
3/2/2023,$7290.08,$40383.76,$35428.13,$38942.27,$38389.09,$13142.21,$13092.57
2/17/2023,$14976.83,$49232.20,$10181.38,$41517.85,$18816.20,$44821.17,$16550.02
6/6/2023,$12163.73,$33352.83,$25281.30,$40787.43,$10600.74,$22162.17,$15892.22
8/27/2022,$11695.83,$751.78,$20099.17,$42216.93,$43450.99,$48275.65,$27186.75
8/22/2022,$37982.59,$12629.77,$47502.58,$23976.52,$8594.38,$5799.33,$23948.48
4/2/2023,$19644.58,$47757.20,$49440.71,$7578.11,$41071.53,$39000.54,$6862.48
4/8/2023,$8296.61,$44427.16,$4520.30,$25760.74,$48500.32,$17752.32,$17445.90
12/17/2022,$8053.82,$17380.69,$23872.21,$41973.43,$20450.59,$39308.74,$11452.48
5/7/2023,$7542.60,$41067.39,$10839.01,$22863.83,$18281.87,$49207.80,$30291.98
2/19/2023,$26581.18,$44681.81,$37363.30,$29778.18,$38969.72,$44761.40,$37159.81
9/3/2022,$7920.73,$34197.58,$298.55,$22210.73,$6119.30,$46957.25,$47185.63
6/8/2023,$40100.88,$28121.00,$44082.35,$43577.55,$41717.89,$45404.74,$21899.58
8/29/2022,$38801.46,$27167.22,$14759.55,$19607.86,$49662.06,$10244.67,$44138.06
11/10/2022,$27783.06,$2588.08,$13508.95,$5543.66,$9024.87,$8397.36,$34030.04
3/13/2023,$29458.31,$2741.80,$4961.50,$35892.47,$23624.69,$26625.65,$28717.85
8/4/2023,$43157.16,$41203.93,$11007.41,$30273.04,$26497.61,$44631.02,$26694.41
6/30/2023,$23452.12,$49742.58,$32894.53,$527.30,$44025.57,$28075.27,$8423.53
2/11/2023,$1017.64,$38090.70,$29840.43,$13891.61,$485.07,$4578.05,$26358.31
7/12/2023,$32924.57,$30826.93,$22908.97,$14270.69,$3290.19,$17971.18,$19469.06
7/30/2023,$44098.99,$35539.43,$41335.22,$7979.33,$1882.74,$29248.84,$28608.96
6/7/2023,$26482.95,$1550.07,$7557.79,$8661.21,$37344.40,$36427.69,$415.13
3/24/2023,$42542.12,$36039.40,$38710.10,$3420.95,$10839.92,$32805.14,$47982.67
4/1/2023,$14478.35,$11093.58,$18688.06,$3720.05,$22491.94,$36017.43,$44462.29
2/11/2023,$43153.17,$12607.65,$33599.84,$31675.68,$7202.33,$24793.11,$27913.44
3/4/2023,$38612.98,$38053.48,$42930.80,$25436.37,$38860.59,$37872.96,$49600.96
7/30/2023,$26668.24,$20881.72,$27504.54,$44527.16,$45544.22,$26009.78,$1412.98
3/21/2023,$22178.61,$35167.83,$25467.66,$11798.11,$20939.68,$44132.11,$30719.83
9/24/2022,$13199.37,$36356.75,$40634.76,$1849.16,$26214.08,$30253.18,$48967.02
3/7/2023,$6478.10,$48100.92,$22164.68,$26316.90,$42430.24,$23864.30,$17703.69
9/13/2022,$5618.93,$15505.03,$28683.05,$2076.70,$9810.84,$3052.53,$48599.97
10/9/2022,$48513.65,$7562.75,$18976.50,$19218.13,$17678.91,$43261.60,$22888.15
9/30/2022,$661.06,$36200.34,$37170.85,$43881.22,$17178.55,$48672.60,$31587.26
1/11/2023,$3025.41,$45287.47,$38598.36,$28018.32,$45016.62,$28229.64,$36997.95
7/17/2023,$40245.01,$23646.78,$31687.65,$11568.64,$30267.26,$29418.24,$49575.47
10/11/2022,$3920.09,$18467.53,$37375.94,$3623.50,$37360.28,$46371.91,$26774.58
8/11/2023,$41850.92,$43359.83,$13959.66,$48169.24,$1145.68,$23248.30,$35165.34
3/16/2023,$39754.31,$15960.77,$42023.23,$8562.22,$30777.72,$49099.77,$44581.53
9/24/2022,$21877.98,$15640.04,$26202.98,$28987.55,$15190.91,$19554.56,$41785.01
6/1/2023,$9558.83,$30887.32,$12077.28,$22137.46,$17557.60,$25064.60,$30100.15
1/12/2023,$19937.71,$5458.60,$372.05,$22976.93,$30192.54,$27054.41,$26735.23
5/10/2023,$24602.10,$39488.75,$721.70,$45355.78,$43800.76,$48.30,$2849.06
8/20/2022,$28890.20,$34179.55,$30542.73,$21568.65,$48373.94,$16551.06,$26558.72
9/3/2022,$32837.68,$33589.12,$9784.31,$21103.25,$33499.44,$9449.21,$43287.03
12/27/2022,$16825.42,$36931.74,$10479.53,$5290.82,$31024.65,$41286.86,$18927.90
11/10/2022,$43459.13,$28199.70,$28932.08,$32771.76,$1810.99,$24974.98,$9288.45
1/28/2023,$29817.71,$22962.45,$23483.90,$40454.25,$48457.88,$44031.83,$15740.86
10/14/2022,$4196.92,$14841.48,$9256.41,$34706.73,$22879.72,$28578.30,$11183.56
12/28/2022,$20449.66,$30919.17,$572.80,$2815.77,$15410.14,$32343.48,$36338.16
7/18/2023,$24933.72,$12677.47,$49723.90,$29812.65,$38515.31,$19610.39,$14356.26
1/5/2023,$2759.18,$11209.13,$29720.73,$1972.41,$1042.98,$24971.33,$17682.95
1/7/2023,$33629.67,$27995.10,$20367.14,$15770.61,$11503.41,$38557.34,$36348.99
8/27/2022,$14887.22,$20616.14,$6693.78,$42124.11,$19175.49,$28469.22,$14484.46
10/28/2022,$8871.32,$6923.24,$44640.07,$20212.77,$26439.28,$19046.59,$38753.33
9/29/2022,$11481.50,$11104.41,$14695.63,$17886.26,$654.52,$28003.02,$15720.47
4/6/2023,$41539.32,$14604.84,$35295.84,$38355.00,$23270.62,$39084.14,$38719.86
1/24/2023,$19476.33,$16034.54,$37733.44,$14476.46,$16869.14,$33835.07,$48104.53
9/16/2022,$25039.39,$41429.65,$11728.28,$49158.88,$38544.32,$18694.72,$11019.07
12/23/2022,$10860.47,$40329.15,$21832.41,$44566.34,$13121.14,$27082.62,$11984.63
12/13/2022,$28961.05,$46627.13,$24967.55,$48793.51,$10834.23,$16569.22,$2536.58
12/31/2022,$8219.88,$3492.69,$12048.39,$11944.82,$25257.17,$25362.52,$41112.62
9/24/2022,$14630.85,$6027.72,$2044.90,$13789.57,$32572.92,$20937.66,$3056.63
4/19/2023,$15776.86,$4693.61,$1312.46,$2970.23,$5929.29,$47459.14,$22703.93
5/20/2023,$44362.91,$16764.32,$27795.14,$26025.97,$47726.23,$46998.40,$25540.84
4/24/2023,$25373.67,$24350.65,$13795.32,$32644.07,$42814.56,$47008.52,$6275.08
6/30/2023,$37588.99,$32151.77,$186.89,$24483.44,$11524.95,$36027.52,$44932.13
4/8/2023,$42363.00,$6647.72,$4538.11,$17933.29,$11895.61,$45416.24,$16789.88
12/8/2022,$23078.46,$48541.51,$28490.16,$17509.48,$7674.95,$39321.25,$41604.90
12/22/2022,$15606.07,$2799.43,$26316.80,$13141.75,$43696.40,$43727.55,$18127.48
1/22/2023,$22776.36,$49003.14,$20684.83,$42057.50,$48162.13,$33543.20,$10952.66
2/22/2023,$42785.26,$48151.52,$47002.62,$45419.88,$1298.02,$40531.52,$37850.90
2/11/2023,$33219.89,$38921.73,$40616.63,$17904.05,$10620.99,$35949.53,$26590.06
4/29/2023,$2371.52,$22806.44,$37552.09,$15356.86,$32473.35,$13235.48,$49238.29
10/6/2022,$47508.91,$19675.70,$15624.78,$8177.45,$31926.64,$45798.39,$29216.44
10/28/2022,$4040.97,$39480.15,$1134.55,$39503.20,$8784.93,$22949.30,$13267.28
2/25/2023,$46351.63,$22398.48,$38690.03,$9024.07,$7442.32,$42078.96,$40648.01
9/18/2022,$22690.12,$10924.69,$30408.34,$26132.91,$9165.85,$20714.88,$12176.58
6/3/2023,$18966.10,$41786.36,$18309.35,$14694.41,$26685.92,$12106.65,$20004.83
8/20/2022,$28829.72,$44782.03,$33198.82,$2843.82,$49944.70,$27801.25,$4603.93
11/5/2022,$9641.96,$9199.98,$28599.71,$12097.98,$27188.70,$17979.42,$5971.93
8/7/2023,$34541.05,$367.91,$8709.41,$43492.55,$17979.66,$20883.56,$30246.16
11/4/2022,$27007.76,$7809.66,$40021.70,$27511.37,$40806.24,$28842.07,$32293.24
12/26/2022,$29595.79,$9587.22,$7215.53,$25856.53,$36129.67,$7125.27,$44334.58
8/27/2022,$47571.41,$16428.90,$41946.70,$954.64,$1210.22,$47658.04,$33158.64
12/20/2022,$20741.43,$428.97,$6786.52,$7059.45,$35368.62,$32836.76,$26462.08
6/21/2023,$18838.11,$34370.97,$2607.42,$17829.29,$47843.12,$11107.84,$35539.42
6/21/2023,$38895.63,$24075.16,$36184.32,$35955.22,$15474.37,$37974.59,$27020.44
8/21/2022,$10571.67,$33874.71,$25471.79,$15276.51,$30787.11,$26867.24,$29216.36
4/15/2023,$29799.47,$32578.94,$29479.05,$42833.32,$31665.79,$38287.57,$39368.23
2/9/2023,$2105.12,$46108.66,$1884.46,$35095.82,$10159.73,$18740.57,$20606.28
4/9/2023,$14128.84,$22247.33,$5571.30,$32747.02,$14034.72,$8190.97,$30370.92
4/29/2023,$19783.18,$17978.05,$49571.70,$26016.49,$7488.04,$28453.86,$5120.98
7/13/2023,$39928.25,$10681.39,$36151.27,$7340.69,$31499.77,$29853.40,$49067.03
6/7/2023,$14235.51,$26118.75,$19010.38,$34263.29,$22838.16,$42091.25,$20883.03
5/31/2023,$48636.36,$31103.85,$7455.35,$453.17,$328.66,$3437.74,$14796.63
10/25/2022,$24583.51,$17380.54,$39821.47,$6529.88,$25801.31,$48704.08,$32925.93
9/18/2022,$787.36,$16617.21,$27923.58,$34291.23,$7206.78,$10712.33,$2160.94
3/14/2023,$30971.37,$255.59,$5228.00,$15889.44,$5721.20,$45720.38,$37911.71
9/3/2022,$25931.74,$5018.37,$28637.87,$36580.53,$30336.11,$28619.85,$5771.38
3/14/2023,$1404.65,$27222.69,$47805.62,$44496.03,$35480.97,$2132.72,$48724.79
4/12/2023,$23320.21,$33086.74,$4119.60,$39811.81,$25547.32,$11460.85,$30543.71
4/14/2023,$44365.89,$26270.83,$40618.89,$27221.83,$12055.95,$30024.69,$25907.25
4/17/2023,$47752.04,$35545.61,$20040.28,$10848.96,$19521.54,$34637.59,$28038.30
8/25/2022,$1425.41,$17464.14,$43232.70,$19656.63,$22798.58,$30270.93,$23082.65
7/29/2023,$8114.42,$47850.19,$6205.10,$32442.22,$11655.96,$8783.14,$44384.15
11/4/2022,$44953.99,$5779.44,$17637.05,$2771.87,$14341.08,$49338.26,$11438.86
3/2/2023,$32332.74,$43553.86,$26081.06,$33113.52,$6174.33,$13811.81,$3405.27
6/22/2023,$38602.58,$4075.51,$11077.10,$15824.68,$11713.14,$44305.78,$39603.26
10/7/2022,$1956.51,$45602.97,$20195.28,$21833.94,$16043.50,$41721.34,$5897.16
5/8/2023,$35985.59,$30888.81,$34723.32,$24339.99,$38061.08,$22857.96,$26235.90
11/21/2022,$36160.71,$26696.67,$47804.20,$11880.37,$44805.90,$19051.75,$6380.13
11/24/2022,$8812.58,$14669.79,$28641.27,$28458.95,$20989.54,$26219.21,$34376.71
12/6/2022,$40655.37,$1097.06,$7063.62,$24847.67,$30541.90,$9303.54,$25602.51
1/4/2023,$33033.26,$11737.72,$41510.17,$41022.36,$10058.96,$16919.05,$30800.82
11/7/2022,$25807.70,$49820.22,$16119.39,$7642.14,$41063.65,$16847.08,$26978.38
10/25/2022,$16394.55,$8108.38,$39567.04,$31275.96,$27261.29,$1489.55,$23500.10
10/17/2022,$49852.06,$46028.65,$8414.85,$7196.11,$45765.51,$24158.76,$1226.43
4/12/2023,$44745.66,$26118.93,$14613.91,$49310.68,$30275.73,$46781.50,$32416.47
2/7/2023,$9389.43,$39113.99,$41514.80,$14886.29,$35195.68,$45180.00,$45310.23
7/12/2023,$7990.63,$17857.17,$49074.45,$45601.28,$17304.15,$45886.90,$13595.76
5/8/2023,$24906.94,$2453.46,$49594.22,$2059.78,$8432.16,$46438.40,$20137.40
7/9/2023,$33687.05,$23762.08,$32855.36,$41961.86,$42402.25,$30334.07,$28016.06
2/22/2023,$19657.08,$40611.46,$36387.57,$10392.23,$42875.29,$6272.61,$36397.26
5/22/2023,$36187.19,$26104.24,$17362.75,$46375.10,$21786.96,$19250.42,$3222.27
12/3/2022,$45174.05,$22225.27,$10302.08,$14025.53,$34153.32,$10995.57,$47207.75
6/1/2023,$17361.88,$31854.07,$45174.90,$36832.27,$49450.16,$37625.58,$29021.76
3/10/2023,$36441.67,$15769.43,$18352.59,$37501.73,$32469.78,$38693.43,$32361.17
6/25/2023,$17879.56,$45971.36,$22512.42,$8609.63,$13592.22,$26633.51,$32318.66
10/27/2022,$33018.86,$1350.66,$7620.36,$899.35,$26948.28,$30500.48,$16583.87
8/24/2022,$48231.51,$25759.18,$13346.23,$37431.58,$28249.30,$37006.13,$23785.37
10/1/2022,$9667.90,$7954.10,$14310.48,$39638.97,$14888.10,$10200.07,$24674.55
6/30/2023,$12048.13,$27823.09,$21073.72,$21115.59,$41215.02,$18868.47,$14433.49
2/7/2023,$34719.99,$23514.62,$13104.56,$33914.57,$35915.03,$2270.11,$12161.91
10/16/2022,$11756.04,$38240.37,$44185.60,$4645.74,$12329.71,$42496.21,$19046.32
2/10/2023,$21148.87,$32411.24,$7135.22,$20888.65,$8907.63,$23498.12,$30132.77
8/3/2023,$9465.22,$27210.76,$11928.44,$28897.97,$22667.71,$25165.56,$7265.44
5/15/2023,$13409.45,$23821.73,$793.09,$47199.50,$29663.55,$8061.17,$33168.16
11/6/2022,$43468.74,$14916.63,$45264.08,$43607.75,$30684.13,$43993.64,$17605.08
11/27/2022,$39834.94,$4346.72,$7011.91,$11037.02,$14707.76,$32111.90,$22297.38
7/4/2023,$6279.83,$30205.73,$9313.96,$23064.60,$16982.85,$32941.80,$14011.38
7/17/2023,$19576.19,$37008.94,$10730.14,$42846.04,$36755.53,$39961.97,$47041.56
5/12/2023,$8426.17,$44219.77,$44083.01,$34535.53,$6466.12,$22502.40,$179.20
10/19/2022,$2383.18,$27700.55,$32545.75,$42040.41,$6587.03,$46277.73,$6788.73
4/7/2023,$5201.89,$31865.56,$26870.03,$10398.62,$3042.69,$7350.54,$42266.68
8/28/2022,$27880.46,$21481.67,$9712.53,$34327.49,$43713.91,$45931.27,$28444.57
5/4/2023,$31766.33,$6424.58,$40661.03,$5055.58,$32598.08,$35711.53,$45517.70
6/6/2023,$33889.22,$47735.30,$38695.82,$28311.40,$49432.66,$4866.01,$29502.18
1/12/2023,$402.67,$18981.29,$28321.17,$27200.23,$43730.77,$5589.29,$44032.49
10/10/2022,$21203.33,$6129.51,$9300.47,$38954.14,$7821.55,$44914.48,$5505.62
11/23/2022,$41094.60,$36359.73,$3875.48,$13163.94,$44588.12,$39034.21,$35924.46
8/29/2022,$48405.74,$13005.89,$27401.23,$39027.74,$27570.00,$27978.44,$22964.55
4/22/2023,$35535.31,$21367.09,$47528.61,$12340.75,$23228.68,$39575.92,$5893.79
5/7/2023,$41526.03,$30478.58,$8340.45,$28379.59,$14429.55,$40342.87,$24672.67
12/2/2022,$26960.35,$44201.99,$26212.02,$37570.74,$29462.95,$22574.19,$41360.92
2/21/2023,$4060.79,$42807.34,$45617.17,$44044.22,$18842.22,$7067.52,$26781.14
2/2/2023,$17190.78,$19729.21,$45708.86,$4169.09,$7473.72,$19239.44,$45858.06
12/5/2022,$49717.99,$36926.08,$41557.63,$11553.04,$19436.38,$23031.90,$46261.09
1/17/2023,$24439.29,$21824.41,$14511.94,$42997.83,$30442.17,$6755.69,$20676.60
2/22/2023,$34877.38,$17590.69,$10198.18,$41435.55,$23967.74,$33220.63,$15287.67
10/14/2022,$1775.33,$17020.64,$44890.33,$30942.42,$43915.66,$15.11,$10971.85
1/8/2023,$31865.52,$414.52,$39689.61,$8354.98,$37511.07,$38387.36,$2979.55
12/8/2022,$29595.69,$12106.38,$20340.46,$42697.29,$12654.22,$7717.56,$29334.38
4/30/2023,$29732.93,$47390.83,$20186.80,$33811.26,$22572.17,$48819.58,$14863.11
11/17/2022,$18817.49,$9546.86,$36236.33,$37283.71,$9370.44,$4528.27,$11698.35
9/15/2022,$18294.19,$15007.38,$29931.92,$20263.41,$9030.14,$46204.18,$4183.01
7/22/2023,$1197.10,$38552.56,$19348.86,$10868.68,$45023.70,$4020.60,$27004.61
3/18/2023,$21702.66,$8807.76,$36017.50,$3758.17,$282.79,$35559.69,$12909.02
6/16/2023,$37147.89,$47768.57,$6560.43,$17799.88,$30706.85,$46217.58,$29486.66
3/19/2023,$1753.71,$17015.28,$16068.34,$6858.14,$46227.34,$9866.30,$32848.89
11/26/2022,$40178.67,$32055.70,$36483.78,$6830.60,$12465.43,$45689.39,$17632.21
4/29/2023,$7436.36,$45228.97,$19447.22,$4067.18,$35471.35,$37985.53,$10473.72
8/4/2023,$35024.86,$25521.74,$18242.13,$4511.79,$46515.79,$9528.01,$40684.60
3/17/2023,$20592.47,$7482.57,$28196.68,$41991.80,$38830.20,$42083.79,$9624.42
3/2/2023,$22203.33,$36977.66,$17446.83,$9973.67,$38158.82,$26260.68,$26096.79
8/8/2023,$40864.16,$5099.89,$48226.68,$21441.06,$23489.57,$18735.05,$25858.04
5/24/2023,$36163.72,$19275.83,$30869.83,$21814.49,$47911.24,$11732.37,$46154.67
1/16/2023,$2946.19,$7331.08,$16645.94,$13709.82,$8445.80,$40328.97,$6452.30
7/28/2023,$43675.29,$1828.24,$49738.87,$16010.79,$5131.68,$48472.17,$22965.08
3/11/2023,$26308.89,$18454.57,$45074.77,$1616.17,$41894.87,$36014.74,$7083.13
2/19/2023,$17897.37,$25572.46,$22954.79,$8224.27,$45389.16,$23110.87,$6120.40
6/10/2023,$9200.51,$11261.66,$20135.95,$40923.72,$9232.59,$14904.31,$49959.93
2/27/2023,$1208.10,$7170.05,$1630.17,$7100.42,$11991.55,$36414.49,$42624.05
3/25/2023,$32019.79,$23059.89,$7576.93,$43663.21,$35677.47,$48997.32,$23407.75
7/20/2023,$6089.67,$38968.57,$46804.73,$24491.72,$16827.13,$39302.10,$38761.58
12/4/2022,$28902.45,$20672.34,$41581.26,$23802.02,$25747.97,$842.87,$14143.51
2/21/2023,$21907.71,$48062.05,$14513.84,$17326.45,$20226.91,$15527.77,$42507.40
1/22/2023,$19126.75,$43680.35,$33426.29,$35587.85,$27038.55,$36715.45,$37022.76
3/5/2023,$48420.01,$6345.51,$43846.58,$31091.50,$40711.98,$432.06,$4319.06
7/18/2023,$4577.57,$46643.40,$12662.70,$27460.68,$32420.65,$38047.02,$2059.99
1/6/2023,$45716.46,$43875.67,$43981.43,$22760.15,$46723.31,$5271.54,$19007.23
7/11/2023,$37599.84,$40752.68,$23346.03,$37627.64,$37819.17,$55.28,$43631.98
6/1/2023,$25982.90,$49238.90,$42787.97,$19545.16,$8572.05,$27534.61,$17045.37
7/5/2023,$32843.00,$18485.64,$47236.95,$33532.05,$2048.10,$2059.89,$38790.69
8/26/2022,$7706.66,$1909.84,$3286.70,$17131.50,$33147.37,$37697.00,$29980.26
11/16/2022,$29816.46,$3862.55,$34101.03,$11437.97,$17125.68,$44663.20,$7382.86
6/17/2023,$14924.83,$41653.18,$26435.58,$39209.24,$19477.29,$19182.58,$15480.94
2/14/2023,$6454.75,$1187.03,$36152.38,$5652.66,$40727.67,$11950.06,$42176.31
12/9/2022,$28298.06,$4930.85,$16485.78,$830.49,$38314.46,$12803.85,$45153.16
6/2/2023,$16546.21,$35912.02,$33669.98,$36956.51,$6249.93,$22412.34,$13214.48
12/3/2022,$41336.78,$35380.56,$9205.68,$1723.80,$26401.30,$13221.72,$15404.78
9/15/2022,$33203.11,$33888.10,$40473.13,$47270.88,$9683.54,$9743.26,$49710.59
6/30/2023,$16702.03,$20843.05,$3871.89,$42901.83,$16064.33,$526.21,$28548.24
12/9/2022,$45852.85,$17804.61,$31793.91,$36293.64,$4185.50,$15069.33,$24234.42
5/6/2023,$6397.71,$36981.52,$452.38,$48355.46,$40808.93,$3390.08,$23587.08
6/26/2023,$20608.64,$10276.49,$20083.53,$15870.45,$36410.35,$28966.53,$43867.23
5/23/2023,$39457.59,$9753.04,$43213.58,$12346.77,$49138.13,$16698.16,$3333.82
9/9/2022,$11928.16,$29700.26,$16259.90,$22526.81,$23529.94,$35179.72,$17732.57
8/17/2022,$978.31,$48607.33,$21678.64,$44361.88,$34179.33,$6106.41,$2597.39
8/13/2023,$15525.12,$12240.00,$15054.61,$20047.89,$31972.97,$6487.78,$10397.65
9/14/2022,$12118.01,$4468.96,$13437.29,$12396.39,$1861.37,$22344.00,$23091.98
9/1/2022,$16947.73,$13406.33,$16796.12,$40158.12,$37898.99,$28802.34,$36745.24
7/7/2023,$21005.40,$37592.64,$35262.65,$44475.98,$7061.96,$17346.86,$12228.85
6/6/2023,$4591.81,$31610.93,$47213.86,$6788.39,$23260.26,$45291.14,$33249.11
10/22/2022,$13958.97,$42500.18,$8621.85,$45999.34,$36155.90,$43637.11,$7480.53
1/16/2023,$49674.29,$38520.01,$14641.22,$6378.44,$3775.23,$36507.11,$14840.41
10/9/2022,$22504.53,$25784.11,$8178.08,$19512.71,$18482.34,$23403.89,$42280.02
1/11/2023,$25711.65,$33039.50,$27059.56,$20728.61,$973.01,$19687.56,$45239.63
12/9/2022,$35695.83,$9680.21,$47179.11,$24190.30,$24723.74,$19247.95,$46127.07
5/11/2023,$41286.07,$33108.00,$47537.55,$1111.79,$19209.93,$40069.36,$49214.25
12/8/2022,$36602.71,$38966.66,$12114.85,$28137.73,$20880.37,$33816.07,$34795.41
9/13/2022,$6882.87,$44328.29,$21689.74,$37262.01,$5736.29,$37216.77,$24428.73
11/19/2022,$7670.91,$43891.86,$10963.69,$7469.54,$30545.33,$4855.69,$14700.44
11/14/2022,$17052.66,$20520.27,$25042.40,$34687.50,$13767.23,$35212.76,$11872.74
7/5/2023,$22899.38,$37106.09,$4876.11,$47881.93,$23747.83,$31358.98,$4589.48
2/23/2023,$8291.00,$47246.35,$40552.76,$18890.45,$33133.59,$39784.01,$18828.57
3/18/2023,$29350.13,$49026.83,$14658.10,$12646.20,$26085.23,$7817.48,$1592.64
1/21/2023,$27273.29,$3281.51,$38111.45,$24100.18,$49236.73,$35851.44,$22036.71
8/15/2022,$24774.16,$29197.47,$32729.36,$15539.82,$13719.66,$39812.46,$20727.07
7/17/2023,$49159.50,$49610.79,$1923.89,$36238.53,$49211.44,$16273.18,$47850.33
8/3/2023,$47676.81,$2395.19,$40986.60,$35824.18,$1552.97,$20927.90,$39983.59
5/1/2023,$48937.86,$27256.67,$6650.96,$3666.63,$1832.43,$49446.83,$33096.48
6/15/2023,$41189.09,$974.91,$14628.72,$4365.80,$36487.79,$22799.31,$36943.97
4/11/2023,$13225.15,$25244.33,$18861.15,$19884.27,$41166.46,$49157.33,$3193.54
10/3/2022,$22519.19,$552.07,$48866.88,$49363.23,$16042.51,$45125.12,$27058.64
5/30/2023,$42933.94,$2838.75,$19046.44,$29625.16,$38134.05,$9809.76,$49666.25
7/3/2023,$24736.95,$10868.46,$46559.03,$4627.33,$25741.32,$49492.54,$49275.75
1/31/2023,$36933.22,$15991.10,$36390.95,$12283.14,$7034.98,$49354.69,$49157.69
7/25/2023,$12437.28,$47149.38,$47162.58,$8869.15,$7341.86,$18358.61,$42151.19
5/13/2023,$29002.92,$16390.97,$29183.42,$36937.30,$42785.79,$7154.48,$40627.93
3/5/2023,$19800.27,$16852.55,$45863.29,$23347.79,$15497.73,$44896.42,$4846.65
9/25/2022,$49880.30,$35329.47,$44472.62,$35119.59,$46761.47,$42512.54,$24697.09
5/4/2023,$20496.67,$5809.84,$1325.93,$48097.18,$37374.14,$28966.32,$7801.87
11/27/2022,$1830.96,$2054.85,$9835.67,$36841.89,$22681.99,$9344.13,$14079.71
12/22/2022,$11647.10,$47516.23,$27714.60,$31485.85,$7211.17,$49511.33,$21809.22
11/12/2022,$7179.69,$25384.99,$11012.79,$11370.60,$3998.47,$26390.03,$48949.46
7/30/2023,$16011.43,$7657.66,$46297.52,$8587.46,$6522.21,$20675.41,$41407.78
8/22/2022,$3411.19,$4227.99,$39387.36,$41165.58,$29507.59,$10244.50,$41084.86
12/15/2022,$28759.44,$16146.60,$14077.64,$10436.41,$24433.67,$43387.52,$38824.30
6/15/2023,$25337.39,$223.35,$16390.40,$49732.89,$28947.72,$7477.85,$28014.33
3/29/2023,$31865.58,$20037.18,$36281.84,$42962.55,$4044.72,$9734.18,$18343.90
2/22/2023,$44943.96,$23603.29,$41613.41,$37915.15,$46924.20,$7603.40,$41542.28
10/7/2022,$45600.46,$20308.27,$34968.50,$31872.80,$22315.48,$8925.00,$8291.15
6/10/2023,$21249.66,$8260.84,$19332.52,$25485.05,$7159.92,$13816.46,$2170.86
5/4/2023,$29077.20,$9931.05,$22227.04,$38899.80,$14552.29,$4786.94,$26471.60
11/21/2022,$6628.24,$19417.35,$22649.21,$13180.10,$47982.30,$24506.67,$38391.74
12/13/2022,$46868.65,$42410.27,$7496.58,$12597.93,$40701.77,$38485.22,$4992.98
4/15/2023,$33310.67,$40512.67,$3312.36,$39227.68,$11048.54,$4697.23,$35126.70
12/15/2022,$38183.79,$31884.34,$19386.15,$45914.15,$733.97,$14905.68,$40162.42
8/26/2022,$22197.00,$36063.46,$32606.18,$25667.00,$17417.07,$34282.28,$16982.18
3/15/2023,$40635.60,$19310.98,$26614.71,$9634.55,$2783.09,$32461.40,$1198.29
11/14/2022,$48505.84,$43668.83,$17399.34,$40319.86,$38852.86,$33452.16,$14101.35
3/23/2023,$2049.59,$45485.40,$20956.75,$2702.68,$21237.37,$32218.15,$11677.53
7/10/2023,$11341.26,$28470.58,$27543.97,$2452.51,$10473.87,$9790.35,$3107.94
4/28/2023,$12781.02,$30658.65,$48826.17,$29658.61,$8103.84,$29582.83,$15898.54
8/4/2023,$14872.12,$40872.01,$48242.42,$2284.19,$43360.33,$20246.94,$48365.16
11/30/2022,$33318.06,$7394.35,$40051.10,$32657.84,$7215.10,$36279.57,$39674.42
1/28/2023,$43810.89,$34279.38,$35473.03,$31113.94,$21497.66,$10535.77,$14081.90
6/2/2023,$4091.78,$42966.07,$16927.06,$858.56,$12657.83,$26784.75,$10473.62
4/11/2023,$22158.65,$42164.47,$28525.54,$24138.09,$15361.18,$45489.39,$34773.59
2/21/2023,$24221.72,$26652.87,$30892.91,$7979.97,$11915.16,$36442.20,$14099.50
4/13/2023,$8711.34,$44731.35,$6399.36,$43895.03,$48094.64,$20249.53,$2400.36
11/7/2022,$19366.84,$11275.28,$16219.71,$36073.42,$12771.08,$27576.71,$44244.82
10/17/2022,$10452.55,$20531.49,$39841.82,$18794.04,$9158.39,$185.54,$10078.05
7/27/2023,$49953.95,$26654.58,$37112.40,$10581.81,$4301.98,$41841.16,$12198.22
6/13/2023,$30860.77,$37082.96,$3522.68,$22774.46,$43236.69,$42664.44,$18087.68
5/15/2023,$19484.55,$5478.08,$9642.63,$49121.36,$45992.13,$25670.47,$3506.18
7/7/2023,$26669.30,$46280.55,$3257.48,$41231.13,$17859.36,$17656.18,$19864.49
7/15/2023,$47221.13,$25568.39,$4377.32,$37272.59,$21081.56,$8340.53,$26335.74
12/21/2022,$12171.88,$46283.97,$41162.45,$44185.81,$46422.56,$34513.01,$28471.46
7/1/2023,$28437.86,$35554.28,$11990.67,$35574.22,$15794.07,$45173.65,$41600.50
3/25/2023,$25024.45,$27218.31,$21552.57,$17886.92,$24645.88,$43980.50,$5589.05
5/19/2023,$35327.39,$11909.83,$45869.31,$21875.30,$11393.16,$40350.40,$20934.66
5/1/2023,$33665.38,$29373.11,$41.79,$186.67,$36577.24,$17408.93,$35824.54
10/19/2022,$32404.69,$39080.97,$27699.91,$43095.52,$12533.92,$5961.42,$26465.46
3/24/2023,$22945.22,$21024.96,$34395.33,$39885.90,$4513.79,$38127.21,$2437.76
4/8/2023,$35599.37,$22801.17,$9375.21,$8677.97,$36041.99,$37920.41,$36535.34
7/25/2023,$8295.30,$49192.44,$15530.21,$48237.19,$3757.84,$15080.38,$6671.83
3/19/2023,$47803.60,$43382.10,$1150.42,$11102.34,$449.23,$9632.52,$5816.99
6/2/2023,$3673.14,$31385.73,$48053.91,$12185.29,$3637.39,$40431.36,$26704.76
7/1/2023,$42974.14,$3445.02,$3836.01,$43697.55,$39089.51,$7072.80,$30775.38
11/7/2022,$19479.53,$43018.30,$2215.65,$26827.77,$56.55,$26833.40,$4348.50
2/6/2023,$30608.69,$27402.04,$27206.74,$20394.55,$26614.45,$24264.77,$40908.05
6/25/2023,$45800.70,$6767.30,$35207.66,$28355.56,$1602.19,$26986.51,$13956.39
4/18/2023,$675.93,$13006.88,$40419.62,$26467.50,$21351.01,$16527.94,$1878.96
5/23/2023,$14989.83,$2351.08,$28918.12,$4644.53,$30538.19,$23863.49,$45691.36
1/7/2023,$19973.43,$46731.36,$12430.59,$38389.76,$18961.69,$38123.93,$21213.56
3/17/2023,$35469.11,$7843.14,$32590.70,$38198.74,$43507.27,$47924.25,$34829.05
4/27/2023,$38323.45,$45115.58,$21118.26,$41536.24,$29424.54,$33965.28,$9126.53
9/28/2022,$49301.12,$48285.40,$19377.91,$25018.13,$38323.87,$18566.18,$30528.80
7/10/2023,$1679.07,$43020.40,$7062.37,$19746.30,$26797.59,$35126.10,$5089.15
3/26/2023,$34804.50,$36165.85,$48686.21,$32800.00,$4657.86,$33150.74,$5867.45
10/28/2022,$20351.15,$34525.85,$28044.19,$37334.25,$15405.13,$11067.45,$32307.70
1/25/2023,$22657.19,$43967.82,$2538.12,$20281.12,$3162.29,$32750.03,$30252.82
3/15/2023,$41503.50,$28794.32,$8985.77,$6887.94,$11893.45,$36327.52,$39248.44
5/6/2023,$2503.52,$38530.32,$48725.32,$40577.47,$41909.97,$5386.52,$20557.59
10/18/2022,$5597.14,$2353.05,$15031.07,$18536.97,$24775.88,$19321.17,$7836.32
7/2/2023,$27034.71,$31449.96,$27884.24,$18181.39,$35547.20,$2280.51,$20926.46
3/11/2023,$29170.17,$14417.76,$6099.16,$7814.45,$48518.57,$43693.93,$3702.13
7/7/2023,$16857.85,$38418.83,$39447.02,$7886.23,$17107.30,$31036.95,$33615.51
7/25/2023,$36132.89,$16031.67,$5341.62,$3538.89,$5452.54,$34428.11,$32516.88
7/11/2023,$6279.60,$38221.96,$14892.92,$36676.05,$12316.17,$17259.69,$11780.93
9/1/2022,$26046.13,$10857.45,$15606.27,$36133.73,$23517.73,$42033.85,$15206.20
4/5/2023,$45307.93,$19040.26,$17060.33,$13667.90,$42539.29,$14417.46,$17869.81
5/17/2023,$36656.17,$46244.38,$24642.33,$5637.77,$46932.19,$38781.89,$14245.16
7/24/2023,$24156.03,$37102.60,$10802.49,$29616.87,$21722.49,$11982.26,$33757.19
3/16/2023,$36004.09,$41890.84,$40317.75,$21545.71,$6711.31,$15458.60,$8641.64
12/16/2022,$8222.06,$4766.06,$47882.70,$19074.10,$24490.61,$8369.87,$48353.96
10/16/2022,$30209.36,$23225.83,$41849.52,$37411.09,$13330.92,$19707.16,$19853.41
2/19/2023,$45232.26,$5188.28,$13857.58,$35992.87,$7376.33,$2010.64,$26272.64
7/13/2023,$12285.98,$1615.36,$48116.48,$45398.23,$43739.46,$47230.94,$12852.50
3/10/2023,$29512.54,$25772.28,$28912.55,$5523.76,$4362.52,$18456.17,$27365.29
10/13/2022,$6798.55,$43674.39,$43292.09,$10529.10,$20578.44,$22407.54,$15717.68
4/3/2023,$40668.51,$11763.67,$7452.54,$6167.45,$47949.48,$31601.03,$20405.24
2/7/2023,$598.83,$49029.96,$47762.49,$22779.45,$18026.76,$47544.21,$33078.87
4/24/2023,$38069.51,$38210.20,$24813.36,$26846.12,$33410.55,$30411.19,$6488.76
2/27/2023,$37410.91,$25425.92,$16269.72,$21237.36,$30983.54,$28669.03,$7513.12
6/17/2023,$1617.87,$29432.49,$12421.82,$446.65,$1600.72,$25818.56,$14590.17
2/20/2023,$23804.74,$14353.80,$9572.97,$36445.99,$42258.73,$29024.08,$22739.88
6/15/2023,$46408.13,$23208.39,$33568.88,$10138.33,$9794.92,$17043.46,$22796.35
9/22/2022,$30698.78,$33688.78,$35259.46,$32391.87,$13959.43,$552.68,$46188.18
2/16/2023,$37219.61,$15618.19,$16628.69,$5907.99,$36969.79,$32402.54,$33243.62
9/18/2022,$16382.77,$49055.95,$24295.60,$31247.75,$49640.69,$16819.33,$19658.55
4/12/2023,$11077.84,$19806.00,$13855.85,$24819.96,$21575.36,$45295.17,$3343.62
5/10/2023,$40002.47,$46799.51,$21090.79,$19113.58,$24110.14,$29325.31,$33937.12
8/22/2022,$30504.76,$40648.48,$30229.48,$34491.62,$2907.72,$48463.77,$2348.73
8/27/2022,$11897.59,$4551.10,$35835.09,$2744.58,$1012.48,$46403.28,$27551.46
10/25/2022,$16207.07,$45917.37,$41445.76,$47294.63,$42881.16,$45042.50,$27559.81
4/2/2023,$34780.92,$25424.32,$32703.42,$25254.43,$17219.88,$43379.22,$26303.25
3/27/2023,$27169.26,$46491.13,$9172.57,$27320.64,$12776.70,$35689.02,$16226.38
12/24/2022,$24245.21,$24489.94,$3729.58,$13144.50,$42093.83,$656.66,$38361.21
10/10/2022,$48382.32,$30186.46,$40513.17,$13357.74,$34476.12,$16630.69,$48000.73
1/19/2023,$4873.81,$24286.58,$21453.54,$40255.89,$23658.59,$4892.54,$2397.37
4/11/2023,$8417.95,$14028.72,$20834.70,$4079.43,$36321.44,$20656.67,$16256.33
7/9/2023,$26502.64,$35004.69,$7503.00,$8748.36,$40001.72,$19691.21,$22539.79
11/5/2022,$45135.72,$29706.99,$28402.83,$42056.84,$48090.84,$32655.86,$46139.39
7/25/2023,$48321.79,$30997.30,$46661.30,$28855.69,$26630.85,$185.20,$41123.73
3/22/2023,$41485.77,$9422.30,$23908.43,$8721.73,$31874.62,$43040.63,$47908.97
6/19/2023,$32379.14,$42347.43,$19163.31,$18947.14,$26165.36,$5436.82,$49774.47
4/9/2023,$9850.08,$17365.43,$40030.38,$5446.52,$41457.50,$3633.83,$39015.61
8/7/2023,$20344.78,$25918.74,$19152.85,$4490.21,$14434.78,$28136.85,$7506.81
4/29/2023,$43347.28,$25380.53,$31722.23,$16376.24,$14592.08,$39466.63,$21028.91
4/28/2023,$29576.35,$12669.95,$783.23,$27246.37,$2792.45,$40508.18,$37925.26
5/24/2023,$23098.76,$35395.68,$7063.15,$39510.47,$34264.62,$44301.28,$46881.76
11/2/2022,$18404.82,$24643.61,$17877.44,$25278.04,$1174.03,$34278.80,$47712.83
2/7/2023,$24960.61,$27449.27,$47822.50,$21972.93,$45294.45,$8335.59,$13231.62
9/9/2022,$11630.29,$22598.47,$12375.37,$20132.83,$34834.97,$11230.94,$44810.70
11/30/2022,$9811.64,$22091.44,$19827.89,$17431.14,$43025.50,$17772.59,$9040.51
11/2/2022,$12839.73,$26869.75,$39746.38,$37002.09,$49835.71,$4360.71,$13980.22
7/8/2023,$7717.94,$46839.64,$18910.44,$3581.79,$45421.12,$11545.85,$41504.22
10/16/2022,$4053.21,$26279.34,$22137.39,$18277.66,$25127.39,$4945.37,$18356.30
10/3/2022,$37635.72,$21133.22,$32835.24,$23980.59,$27535.81,$19975.82,$37976.42
9/13/2022,$28445.41,$8008.37,$44009.98,$49862.56,$18480.81,$47002.63,$30881.64
9/7/2022,$23913.39,$18184.66,$19794.89,$31050.24,$31563.60,$24440.37,$28357.67
4/13/2023,$18362.72,$1594.36,$209.24,$4643.75,$5726.86,$32645.36,$14828.17
9/6/2022,$2992.26,$45512.58,$1781.80,$15408.94,$28865.47,$36213.58,$35445.87
8/2/2023,$31238.40,$16213.73,$24060.89,$8394.69,$35095.44,$6392.05,$33439.27
8/10/2023,$11908.67,$31112.25,$4031.36,$7288.76,$20675.37,$14375.69,$25547.65
1/3/2023,$21772.01,$28658.81,$26049.28,$39292.92,$13172.43,$23964.00,$45468.31
3/27/2023,$17514.70,$41996.14,$34896.36,$3437.39,$43362.73,$38408.22,$33742.17
8/22/2022,$22343.36,$18445.90,$41391.72,$33813.69,$28472.23,$31228.44,$35509.89
10/31/2022,$2895.86,$25201.15,$36035.17,$42395.14,$23275.77,$26604.96,$19243.49
1/22/2023,$15872.71,$48919.74,$16379.95,$6820.21,$43048.08,$21444.69,$544.76
4/3/2023,$652.91,$33050.96,$5129.39,$18417.53,$49527.77,$42781.77,$32362.68
5/17/2023,$42733.44,$5182.08,$21333.95,$38091.27,$30165.84,$44641.35,$24005.84
9/27/2022,$44873.42,$32799.67,$39284.59,$27035.69,$41580.77,$23611.33,$46734.52
5/30/2023,$31473.87,$46668.03,$5909.35,$40560.33,$8421.73,$26751.25,$36847.95
9/10/2022,$16395.81,$38117.99,$35806.94,$19482.49,$3404.14,$24431.57,$35438.52
11/21/2022,$49122.96,$29855.10,$40146.79,$6134.03,$11187.91,$3487.81,$37523.77
6/30/2023,$26513.26,$38997.38,$26830.13,$17619.04,$43881.35,$45052.29,$43684.51
6/9/2023,$5914.94,$2405.08,$47796.92,$43856.23,$6366.49,$43602.97,$9634.11
3/6/2023,$40817.83,$12142.81,$46200.56,$28698.53,$11166.31,$338.40,$38163.75
10/26/2022,$39783.15,$14835.21,$22646.69,$25936.17,$2604.80,$2326.37,$5008.35
12/28/2022,$35269.04,$2813.27,$49176.79,$45727.16,$19346.31,$41163.56,$27007.39
3/26/2023,$30288.64,$14585.23,$1515.86,$36902.61,$19145.58,$1753.96,$45892.10
12/29/2022,$24477.90,$30785.59,$34067.53,$35224.35,$33213.32,$10128.85,$32363.17
10/1/2022,$6881.00,$15669.88,$36778.05,$37722.57,$30103.67,$33075.66,$33453.38
5/4/2023,$37825.71,$13972.18,$11980.64,$39346.57,$38268.51,$38735.68,$7466.48
9/7/2022,$28289.03,$43077.63,$26271.79,$197.68,$2414.20,$38453.90,$9817.02
12/4/2022,$29626.68,$46805.83,$42548.94,$6203.92,$27780.82,$9086.19,$41146.20
5/1/2023,$1783.19,$9971.03,$10666.79,$1091.10,$47919.66,$21944.80,$34168.08
4/6/2023,$23486.82,$12244.84,$46848.71,$47844.70,$14609.84,$32666.67,$28694.63
3/23/2023,$24792.18,$16722.47,$44358.31,$1734.19,$25453.29,$46464.96,$31991.09
12/8/2022,$13997.08,$36244.85,$35953.30,$11537.02,$10342.08,$15635.44,$5960.33
4/1/2023,$3495.69,$11469.20,$34727.69,$3706.44,$46827.52,$44666.74,$33933.17
10/23/2022,$3636.97,$16627.13,$33877.84,$37761.40,$42370.48,$32820.66,$21849.52
11/10/2022,$25.45,$30790.15,$34004.29,$20392.18,$41870.70,$1238.47,$33297.59
9/3/2022,$34545.83,$12934.80,$40278.28,$44141.82,$1045.39,$14296.05,$3003.48
11/4/2022,$35993.25,$27811.20,$15168.17,$39110.97,$24205.90,$1941.49,$42047.49
10/13/2022,$371.76,$27409.53,$48471.53,$8137.63,$33653.57,$4772.88,$9944.07
5/7/2023,$41055.98,$5754.68,$23664.67,$16296.10,$10094.39,$5096.97,$31720.74
4/2/2023,$26942.21,$229.42,$45257.21,$30425.13,$13729.28,$39702.03,$421.19
5/24/2023,$26023.72,$36003.55,$7784.76,$32785.96,$47855.55,$18029.97,$19762.47
3/11/2023,$26926.14,$32563.08,$543.72,$18274.83,$2634.11,$23296.73,$33785.81
8/10/2023,$413.91,$37302.40,$28623.32,$10270.50,$16427.16,$43709.18,$3064.08
8/10/2023,$4570.72,$5880.62,$2653.57,$8573.47,$24737.57,$8849.33,$28005.31
9/19/2022,$5140.02,$18593.12,$11764.89,$21686.52,$24010.55,$9739.38,$36517.44
1/12/2023,$12572.16,$1522.46,$11590.98,$18696.27,$28151.38,$41307.35,$35234.97
7/16/2023,$29018.98,$9120.05,$30385.44,$37948.27,$12470.32,$14501.94,$10007.23
2/19/2023,$14172.81,$44470.97,$44325.52,$6665.80,$24388.28,$13189.60,$37151.22
9/30/2022,$28683.66,$20097.15,$32569.48,$6870.66,$4730.54,$8238.55,$41248.21
7/22/2023,$46058.93,$24996.90,$43692.95,$46857.56,$19496.72,$2443.74,$41927.26
